Machine_ID,Temperature,Run_Time,Downtime_Flag
1,46.89,5.55163899,0
2,11.95,9.080753557,1
3,49.64,6.562827271,1
4,18.31,8.09749565,1
5,26.35,6.406154013,1
6,11.8,7.279442019,1
7,33.39,4.891668839,1
8,29.34,9.333834717,0
9,36.67,5.517451184,1
10,31.71,5.965972023,1
11,25.93,5.724689529,1
12,39.51,3.845701181,1
13,11,3.08114592,0
14,31.64,1.664514677,1
15,14.56,7.463574838,0
16,27.44,3.603477369,0
17,41.65,4.502781669,1
18,15.7,9.279353465,0
19,47.43,6.098026145,1
20,45.54,1.873702575,0
21,26.6,8.196507215,0
22,10.24,3.305175392,0
23,41.59,5.974352584,0
24,45.24,5.589833274,1
25,16.99,3.142709581,1
26,46.65,2.041939313,1
27,46.56,2.901354458,0
28,28.85,1.876040196,1
29,41.92,3.480652171,1
30,27.8,9.975677597,0
31,32.56,4.618830387,1
32,22.79,8.774995522,1
33,16.38,5.942599229,1
34,39.86,6.999247714,1
35,10.06,2.407131728,1
36,33.18,3.473252807,0
37,44.59,5.593990807,1
38,18.85,8.930290908,1
39,23.32,1.385992323,0
40,33.5,5.562279636,1
41,19.87,1.459109913,1
42,43.9,5.111404088,1
43,24.66,6.659813434,1
44,33.26,7.702508723,0
45,19.04,2.246788047,1
46,11.66,2.499177551,1
47,16.95,5.230584295,1
48,11.85,9.982328122,1
49,28.74,4.204421521,1
50,33.47,4.847746846,1
51,11.79,4.892020685,1
52,13.62,1.726307392,1
53,29.42,7.967549308,0
54,41.97,3.27791372,0
55,35.12,7.333003512,1
56,14.19,5.27580891,1
57,45.5,6.50601768,1
58,46.7,1.485744728,1
59,23,9.00969116,0
60,34.64,3.194710925,1
61,29.69,7.030858488,1
62,47.68,8.182172009,1
63,30.35,5.860348456,0
64,48.4,4.036006199,1
65,17.97,9.80113037,0
66,23.82,3.505957419,1
67,41.25,9.537961034,1
68,41.34,2.406017203,0
69,39.29,4.502999184,1
70,44.38,2.246460257,1
71,38.1,1.020164258,1
72,35.44,3.342326864,1
73,28.36,1.784893608,0
74,28.68,9.877109708,0
75,26.25,7.854879862,1
76,34.81,1.033343167,1
77,26.27,3.012819263,1
78,15.9,7.031118172,0
79,14.26,4.586969018,0
80,46.98,8.486583067,1
81,10.99,5.543747005,1
82,14.22,6.882862778,0
83,27.81,6.373336578,1
84,20.52,6.743520106,0
85,26.23,3.070889684,1
86,14.7,4.359604953,1
87,15.24,1.455663276,1
88,42.03,6.288728632,1
89,40.36,5.133326159,1
90,14.17,7.846445341,1
91,36.71,2.857442182,0
92,34.37,4.931309045,1
93,38.53,2.626708898,1
94,28.98,6.525813027,0
95,20.8,8.632272309,1
96,36.55,7.888989236,1
97,24.85,9.497781754,1
98,18.76,9.745532037,0
99,26.35,7.948304808,1
100,40.53,3.581254768,0
101,29.03,2.973352395,1
102,21.99,5.027941311,1
103,43.27,9.944953251,1
104,45.27,4.714012187,1
105,27.33,2.791615695,1
106,24.99,9.4990859,0
107,34.51,4.473261798,1
108,12.32,7.218089985,1
109,37.65,8.093376808,0
110,41.29,8.588403119,0
111,25.9,8.391523484,1
112,16.98,8.526221767,1
113,11.15,7.008880848,1
114,35.49,4.634479623,0
115,20.76,7.005581687,0
116,28.56,8.530609007,1
117,25.45,4.155782182,1
118,17,3.668571913,1
119,30.33,4.093364954,1
120,28.38,5.961550564,1
121,34.97,1.471994873,1
122,20.08,8.010737371,0
123,18.59,2.249667626,0
124,42.57,2.195547911,0
125,38.09,2.778932254,0
126,40.89,6.192346915,0
127,14.93,3.570115382,0
128,18.96,4.312812961,1
129,33.02,9.384841999,0
130,44.29,8.62481962,0
131,45.68,8.669714798,1
132,43.28,6.1987765,1
133,11.74,8.798195326,1
134,42.84,8.007092428,1
135,45.96,9.579131226,1
136,12.27,1.579315645,0
137,26.65,1.258544203,0
138,31.46,2.575269467,1
139,19.31,9.361763385,0
140,30.67,6.450085954,0
141,45.44,4.835012659,1
142,44.68,5.614399553,0
143,47.59,8.466441294,1
144,29.36,9.361989962,1
145,26.42,7.567289509,1
146,36.63,7.838630496,1
147,26.67,3.883402397,0
148,11.68,5.203316757,1
149,38.8,8.966891741,0
150,21.24,8.073406991,0
151,11.96,7.158438266,1
152,10.82,1.587221523,1
153,47.25,1.355564975,0
154,20.08,2.173698488,1
155,27.92,6.232519893,1
156,48.02,5.827481626,0
157,28.7,9.484217439,1
158,13.14,7.25283676,0
159,32.08,3.645753556,1
160,13.53,2.453466644,0
161,13.8,8.645799154,1
162,44.06,5.136616933,0
163,21.58,6.881225477,1
164,37.15,6.086292459,1
165,30.36,1.967107115,1
166,18.89,1.513525453,0
167,30.71,4.393163707,0
168,12.76,4.253952678,1
169,23.89,7.064183017,1
170,30.91,6.689803682,1
171,19.14,9.720468356,1
172,36.41,8.722895525,1
173,12.07,5.469242732,0
174,29.39,5.500228173,1
175,38.6,7.067163062,0
176,27.2,2.026815245,0
177,44.98,9.999015082,1
178,35.29,5.669272911,1
179,48.34,9.189143865,0
180,21.36,9.706207012,0
181,47.55,6.234784659,0
182,34.27,1.930137828,1
183,39.81,6.160112276,0
184,46.09,6.378781934,1
185,32.05,8.102738231,0
186,44.49,1.434063403,1
187,31.67,5.196838305,0
188,33.97,9.304932325,0
189,27.8,9.921691708,1
190,15.83,2.722444109,1
191,32.14,8.835390935,0
192,49.1,2.316255055,1
193,41.49,8.570569911,1
194,39.9,3.495499547,0
195,35.73,9.636627394,0
196,23.92,7.259470758,1
197,16.78,4.591995413,1
198,18.98,3.528759969,0
199,10.25,3.117137747,0
200,36.94,7.127130943,1
201,42.48,9.062119023,1
202,20.76,7.794477727,1
203,13.67,8.513123842,0
204,23.43,8.032453909,1
205,21.68,9.812328998,0
206,28.04,7.820244341,0
207,20.56,2.892056666,1
208,23.59,8.124386189,1
209,46.3,3.898624249,1
210,23.39,9.962198764,0
211,41.42,4.390053581,1
212,35.03,3.635143803,0
213,23.5,3.15294387,0
214,42.71,6.926631869,1
215,33.8,1.982989795,1
216,10.34,9.582038936,0
217,12.75,3.648814108,0
218,40.11,3.658605499,0
219,27.86,1.414594861,1
220,26.22,3.214157661,1
221,15.83,4.770814201,0
222,16.29,4.326457512,1
223,41.91,3.457179293,0
224,43.16,1.366694541,0
225,32.4,3.705232362,1
226,21.81,8.004978444,1
227,47.31,4.949130568,0
228,34.96,3.616978128,0
229,41.87,3.743129207,0
230,10.13,5.989938188,1
231,28.01,3.7206341,0
232,44.84,6.677175879,1
233,23.53,9.905090624,0
234,39.06,1.37058758,0
235,36.31,2.518630801,1
236,16.09,2.611967908,0
237,41,5.023632861,1
238,14.5,1.372768408,1
239,39.12,5.2976942,1
240,49.64,9.360322823,0
241,48.32,1.104076798,1
242,42.01,4.284449805,0
243,31.38,7.848043949,1
244,36.99,2.390450503,1
245,39.12,1.698031023,0
246,10.34,6.677006835,0
247,14.09,1.089558181,1
248,33.88,8.215934421,1
249,10.26,1.601674782,1
250,46.36,5.719188335,1
251,29.59,7.661149392,1
252,20.31,3.178098899,1
253,25.75,1.931861457,0
254,44.03,2.580604898,0
255,47.09,8.692152147,1
256,14.65,7.352022625,1
257,41.12,2.782882443,1
258,33.13,7.445087174,0
259,33.42,7.377563532,1
260,41.18,9.979525883,0
261,18.91,4.524004212,1
262,31.24,8.783681447,1
263,22.77,5.017984174,0
264,13.78,9.079842013,1
265,14.2,1.824404492,1
266,15.46,2.577813671,1
267,34.6,8.649589268,0
268,14.23,8.373702917,0
269,32.8,3.748904127,0
270,33.53,6.371184863,0
271,46.16,4.444297499,0
272,35.06,1.092856144,0
273,49.42,1.234937139,1
274,11.24,1.488307289,1
275,38.17,6.346649389,1
276,11.06,3.513049618,1
277,39.18,2.295534685,1
278,25.43,9.470179976,1
279,34.45,2.091868004,0
280,22.38,7.065835448,0
281,16.36,9.047441645,1
282,38.94,2.474467005,1
283,46.18,2.93256714,1
284,17.34,6.164321802,1
285,46.83,5.576038177,0
286,15.61,5.689246752,1
287,39.43,5.992102846,1
288,48.38,9.549126244,1
289,15.89,1.484542378,1
290,27.4,7.844036686,1
291,23.5,3.092557802,0
292,25.54,4.363099032,0
293,40.13,1.803620107,0
294,36.45,5.010640922,1
295,48.75,8.23797327,0
296,17.42,1.888663047,0
297,31.73,3.480432384,0
298,27.97,4.357555378,1
299,46.75,1.935092828,1
300,10.42,7.86085129,1
301,49.57,8.082523254,0
302,29.19,8.52305498,0
303,35.02,6.255065843,0
304,24.4,5.565149388,1
305,44.1,3.362972009,1
306,32.48,6.896421706,1
307,36.51,5.001071371,0
308,35.96,9.736987655,1
309,24.56,9.713615473,1
310,13.04,9.146846186,0
311,42.31,4.240802242,0
312,21.59,4.311752098,1
313,43.96,8.674058476,1
314,34.35,7.562214386,1
315,24.15,7.339248728,1
316,33.77,3.5164991,0
317,35.82,8.500137504,1
318,38.27,6.21478515,0
319,42.89,5.021790168,1
320,16.39,8.788799117,1
321,47.77,4.547887874,1
322,26.43,6.885332307,1
323,44.42,5.193146638,1
324,18.82,6.334640256,1
325,11.16,1.364918245,0
326,32.93,5.150036469,0
327,22.99,6.008421767,1
328,49.38,5.434474013,1
329,14.18,8.626693353,0
330,11.89,3.800115773,0
331,11.8,8.956688779,1
332,18.67,4.631157729,1
333,33.17,7.25074059,1
334,30.22,1.780504552,1
335,24,2.801386752,1
336,13.55,7.8504941,1
337,19.35,1.11095817,0
338,17.37,9.716749652,1
339,39.83,2.71566011,1
340,41.2,9.111735876,1
341,41.08,5.643505254,0
342,48.76,6.081178302,0
343,45.37,1.757186092,0
344,29.91,4.286968787,1
345,26.6,2.405969747,0
346,46.63,5.733383449,1
347,34.45,5.956589311,1
348,21.78,7.387002546,1
349,32.58,8.904503421,1
350,49.69,5.213618346,1
351,43.98,3.100243331,1
352,21.25,4.002144953,0
353,48.12,8.623808316,0
354,49.26,2.312771366,1
355,19.25,6.645304705,0
356,45.82,1.117772955,1
357,45.33,3.211023956,1
358,11.59,6.322676478,1
359,36.79,5.10770836,0
360,22.21,5.441945412,0
361,36.98,6.945058454,1
362,46.54,3.11127422,1
363,29.95,3.527244463,1
364,26.58,7.160123867,0
365,46.86,5.844622668,1
366,48.96,1.131281418,0
367,12.49,7.032950158,0
368,46.91,6.580828367,0
369,13.31,1.707468164,1
370,23.49,7.727675454,0
371,40.5,5.698913131,0
372,41.08,2.842725556,0
373,39.03,6.034207313,1
374,11.56,6.359126628,1
375,15.32,9.281068563,0
376,47.45,7.67929983,1
377,13.26,3.71731919,1
378,13.14,2.063196708,0
379,43.43,8.678656649,0
380,35.65,8.614609191,1
381,24.07,2.577790133,0
382,16.63,1.559180667,0
383,45.37,7.406781848,1
384,49.54,7.503236478,1
385,12,2.594293783,1
386,32.16,7.013906736,1
387,20.45,3.510313702,1
388,43.3,3.345553252,0
389,23.84,3.920661407,0
390,38.59,5.683567299,1
391,31.58,8.24008531,1
392,31.66,5.487793758,1
393,44.32,3.682384261,0
394,28.82,8.955768688,0
395,43.82,1.495809617,0
396,24.54,8.173823355,1
397,16.99,8.059435821,0
398,28.22,3.281921291,1
399,29.93,2.784656643,1
400,29.14,8.872305053,0
401,42.33,6.029841642,0
402,32.59,1.414102219,0
403,45.54,9.017492648,0
404,30.57,4.141053859,0
405,18.99,4.079408984,0
406,15.18,6.789591434,1
407,44.73,6.951798485,1
408,12.25,4.179845087,0
409,14.7,2.289510351,1
410,12.55,5.97042787,1
411,26.95,6.626612482,1
412,31.3,8.742001286,0
413,10.79,5.359959886,1
414,30.62,6.811264716,1
415,25.75,1.48967945,1
416,40.95,9.050706102,1
417,43.2,3.944942319,0
418,37.4,6.689990119,1
419,28.94,9.244464682,1
420,18.65,8.294732059,1
421,43.88,6.739334717,1
422,23.67,7.332470453,0
423,24.25,9.288146044,0
424,46.64,8.308838621,1
425,49.02,6.488731545,1
426,45.93,6.928324356,1
427,49.93,2.325415817,1
428,44.76,5.231509118,0
429,38.17,3.708978829,1
430,21.75,4.88773571,0
431,48.12,6.960221862,1
432,45.07,2.342359842,1
433,19.63,1.156383673,0
434,29.57,4.572319629,0
435,12.8,3.89965883,0
436,48.13,4.783888537,0
437,32.91,9.380988283,1
438,19.81,7.363756911,0
439,21.7,3.947128971,0
440,49.23,2.6135094,0
441,34.62,6.566304648,1
442,26.83,6.918186264,0
443,29.99,5.352604155,0
444,13.94,2.914846972,1
445,13,1.256997348,0
446,33.71,3.390946277,0
447,30.48,5.114534494,1
448,24.37,8.091408578,0
449,32.64,8.68378446,1
450,12.91,4.716411037,1
451,47.76,8.165116492,1
452,21.75,9.940175412,0
453,12.87,7.449493374,1
454,16.78,7.557391284,1
455,13.82,9.185828514,0
456,17.14,4.043297156,0
457,26.67,1.100848538,1
458,39.52,9.882795445,1
459,20.89,5.414212699,1
460,27.44,8.071098338,1
461,47.15,8.312420238,1
462,21.83,4.577650094,0
463,41.79,5.871457421,1
464,16.31,5.859239735,1
465,17.13,2.981944084,1
466,28.25,2.058750405,0
467,19.36,5.892150744,0
468,46.12,2.081289042,0
469,12.03,4.114798515,1
470,33.89,2.674749985,1
471,34.17,7.362244975,0
472,12.64,8.848079681,0
473,39.3,6.201231489,1
474,28.76,4.691402265,1
475,38.92,9.969783767,1
476,43.08,1.190882217,0
477,22.92,3.739069758,0
478,29.38,3.508058374,1
479,20.43,4.205832383,1
480,18.06,3.07536167,0
481,10.02,3.378365519,1
482,48.55,3.319093989,1
483,27.64,5.551696457,1
484,10.52,4.519497493,0
485,10.36,6.753520918,1
486,21.53,5.629610439,1
487,10.56,2.650796671,1
488,24.98,8.29040481,1
489,12.52,5.249756785,1
490,11.57,2.379083661,1
491,36.78,2.501918586,1
492,46.27,8.172715694,0
493,26.38,7.326938658,0
494,43.47,5.558751573,0
495,11.17,3.754733588,1
496,41.11,5.144698331,1
497,12.51,6.728351834,0
498,43.54,8.913540857,0
499,45.29,6.002810809,0
500,41.44,3.490617653,1
501,42.83,1.384659232,0
502,32.46,2.579095503,1
503,20.6,6.851598586,1
504,35.73,2.443932701,1
505,27.58,5.333855978,1
506,10.21,7.290595139,1
507,29.07,3.774024113,1
508,36.05,7.021953008,1
509,10.56,6.229648555,0
510,34.85,4.950451962,1
511,36.1,9.07520931,1
512,16.32,7.228530014,0
513,27.24,4.245373298,0
514,48.57,8.238380802,0
515,45.37,7.642919928,1
516,26.43,8.12515569,0
517,23.99,6.768603847,1
518,14.96,4.414335543,0
519,11.41,4.13720664,0
520,21.9,6.887362247,1
521,47.61,2.178100072,1
522,48.34,8.379229154,1
523,42.5,4.333018456,1
524,24.03,6.673347904,0
525,15.75,5.491575234,1
526,33.82,5.673938428,0
527,35.86,7.642055316,0
528,26.98,6.640030483,0
529,37.67,3.252780895,1
530,39.87,1.668033383,0
531,41.32,8.562106606,0
532,30.09,8.964046673,0
533,41.67,2.480468796,0
534,11.02,3.785293602,0
535,37.22,3.541081437,0
536,19.43,9.437037047,0
537,20.82,2.842996437,0
538,13.65,2.498853089,0
539,17.7,2.636546948,1
540,49.68,7.568822585,1
541,26.62,8.992178598,1
542,47.11,4.540306696,1
543,16.52,2.224719139,0
544,18.16,6.271497977,0
545,32.31,2.889414625,1
546,23.98,1.577363026,1
547,35.76,8.976082405,1
548,26.88,8.837571487,1
549,42.46,9.783191442,0
550,27.26,5.266042794,1
551,32.89,3.646010784,1
552,22.84,7.92805371,0
553,38.16,2.624454389,1
554,36.19,3.189628691,0
555,25.88,3.301143636,1
556,21.04,9.564574689,0
557,34.56,7.568406269,0
558,47.73,2.203253133,1
559,15.31,1.835612903,0
560,41.96,8.585333682,1
561,31.72,8.220468907,1
562,31.02,7.038951202,0
563,48.47,2.764905872,0
564,34.23,5.32255185,1
565,43.22,6.424533509,1
566,30.58,9.389237742,1
567,19.99,2.524813662,1
568,37.78,5.639021264,1
569,46.93,2.41976475,0
570,43.65,4.994644065,1
571,17.93,2.801214772,1
572,22.68,8.525675875,1
573,30.68,3.292626499,1
574,32.86,4.753942446,1
575,17.75,4.670088872,1
576,19.2,8.79665464,1
577,40.35,7.820177183,1
578,39.21,1.518179401,1
579,43.57,1.603787115,0
580,47.32,5.960775206,1
581,22.33,4.849471246,1
582,44.38,3.480257985,0
583,36.64,8.133588444,1
584,48.31,2.157716547,0
585,20.88,9.766512216,0
586,20.79,1.216922561,1
587,38.17,2.064076521,1
588,47.14,3.801849888,1
589,42.98,5.582341857,0
590,39.08,2.945225426,0
591,25.49,7.62593634,1
592,38.71,4.217877131,0
593,42.04,1.346845001,1
594,40.13,8.899497707,1
595,37.07,9.494791058,1
596,11.89,6.567072602,0
597,36.39,8.258827497,0
598,29.13,2.090003848,0
599,48.46,3.419382536,0
600,34.29,3.927085189,1
601,34.33,9.646778503,1
602,49.76,5.610003759,0
603,13.74,1.066722029,0
604,21.05,4.421672406,0
605,36.24,1.069755408,1
606,22.61,3.140251664,0
607,23.85,5.092300604,1
608,45.71,3.910537499,0
609,33.17,1.294607911,0
610,14.11,2.047021502,0
611,22.43,5.957979051,1
612,13.04,7.260444139,1
613,32.25,4.64094111,1
614,16.93,7.583335718,0
615,44.28,2.469995997,0
616,33.09,2.09852153,0
617,12.38,8.555083443,1
618,22.04,4.052920136,0
619,34.65,4.890231297,1
620,23.42,9.528234421,0
621,30.53,4.817010951,0
622,46.37,1.031410953,1
623,24,9.441747456,0
624,23.43,1.127067701,1
625,42.79,6.960576554,0
626,22.75,3.906018186,0
627,13.12,5.233516809,1
628,17.24,5.925566509,0
629,47.95,4.676140516,1
630,47.33,7.969319085,1
631,18.99,9.376357687,0
632,32.14,1.777708469,1
633,15.49,8.202275931,0
634,36.99,2.158040268,1
635,17.41,1.722494649,1
636,11.99,9.602483074,1
637,43,5.403680033,1
638,23.02,2.373429619,1
639,14.34,6.129614019,1
640,43.36,3.369134249,0
641,40.5,5.178781151,1
642,37.35,6.621936345,0
643,46.45,8.82342846,1
644,29.57,1.027732584,1
645,15.12,2.927265948,1
646,12.45,1.866434886,1
647,22.74,1.873879314,1
648,13.47,9.511996718,0
649,31.42,9.424746411,0
650,10.58,7.743772717,1
651,27.75,6.787567382,1
652,17.14,8.631734017,1
653,24.73,1.525678643,1
654,37,2.075372138,0
655,24.04,3.85401631,1
656,23.65,8.492431419,0
657,49.63,5.250092885,0
658,38.75,5.532172871,0
659,30.55,3.063388867,1
660,33.18,6.835487331,1
661,34.81,8.990579387,0
662,10.98,3.965627979,1
663,13.21,6.572673458,0
664,35.97,3.987540677,1
665,24.58,8.134472007,1
666,12.22,5.274637633,0
667,21.9,4.0552212,1
668,15.21,4.780439688,0
669,46.65,1.821047693,1
670,18.12,8.79505438,1
671,15.75,9.622621498,0
672,35.05,5.296727618,1
673,30.88,2.992034873,0
674,33.04,6.981905792,1
675,27.44,5.071433316,0
676,28.69,3.270700728,0
677,41.15,1.345898291,1
678,18.8,9.007340066,0
679,25.86,8.170609168,1
680,48.31,8.461054519,1
681,17.6,4.958557578,1
682,21.75,7.779298528,0
683,17.66,6.231027375,1
684,10.82,4.372977668,1
685,20.79,8.584678793,0
686,11.86,9.988817932,1
687,16.19,9.093540765,0
688,24.51,7.985727745,1
689,10.83,7.72757175,1
690,40.12,6.852239587,1
691,41.82,8.682557472,1
692,26.46,5.43773123,0
693,49.39,2.635565592,0
694,37.16,7.912447518,0
695,39.75,9.275557368,0
696,17.69,4.072170627,1
697,43.5,8.046849682,1
698,47.8,3.463504328,0
699,19.45,9.48340246,1
700,37.46,7.151148928,1
701,39.88,6.123483885,0
702,22.21,8.018831421,0
703,29,8.319080535,1
704,13.9,9.031329084,1
705,16.92,9.110075796,1
706,12.46,1.47421743,0
707,32.41,2.106168472,1
708,35.01,8.434547904,1
709,46.64,9.51446488,0
710,31.69,3.769046633,0
711,20.42,1.077416366,0
712,12.38,3.904346701,0
713,45.4,4.445777224,0
714,29.15,7.849300283,1
715,39.49,1.428261991,1
716,10.59,2.913762125,1
717,29.53,9.045717276,0
718,23.03,2.393383685,1
719,11.21,7.833228868,1
720,41.03,4.25179374,1
721,30.52,6.963941934,1
722,23.33,1.66461853,1
723,42.23,3.579021506,1
724,27.88,4.823107637,0
725,10.14,8.714913635,0
726,47.78,6.071462719,1
727,20.23,1.407027638,1
728,43.22,8.21679916,1
729,42.66,1.490693401,1
730,16.49,9.409299076,1
731,28.96,2.905457014,0
732,11.61,5.391335302,0
733,24.18,1.650528719,0
734,39.24,6.055411477,1
735,19.48,5.475058307,1
736,14.69,4.692236814,1
737,30.28,1.320156253,1
738,31.48,8.910427408,0
739,37.03,8.223729389,0
740,40.37,6.697270183,1
741,37.83,6.150069844,1
742,43.82,7.254517882,0
743,18.92,2.295910143,1
744,32.79,9.393798217,0
745,24.4,3.562059624,0
746,48.48,6.908412452,1
747,27.61,6.46080113,0
748,48.39,6.729525817,1
749,40.76,8.910569108,0
750,38.74,3.66320086,1
751,29.66,7.740533694,1
752,27.74,6.385519575,1
753,31.06,1.684542979,0
754,21.75,4.727392128,0
755,46.18,8.541564159,1
756,41.77,3.8381265,0
757,42.06,5.34037495,1
758,27.33,5.397747113,1
759,12.84,6.562088801,0
760,37.32,8.956160738,1
761,24.98,2.561852789,1
762,44.82,5.541551944,1
763,41.21,4.818405334,0
764,15.81,3.663280811,0
765,34.07,9.276473593,0
766,37.69,1.073539832,0
767,32.73,2.098943134,0
768,30.56,7.600100049,1
769,19.11,3.370974442,0
770,19.44,7.50861335,0
771,40.72,8.490282496,0
772,10.75,3.291544152,0
773,41.16,2.727498591,0
774,31.07,2.307705694,1
775,47.45,2.800797498,1
776,49.89,3.404668502,0
777,36.54,8.818748349,0
778,26.49,7.930039719,1
779,29,1.016598852,0
780,18.17,8.867072279,0
781,13.97,1.709310697,1
782,33.15,6.897390558,1
783,42.22,2.363272914,1
784,20.47,1.560482295,1
785,26.79,7.837936278,1
786,32.19,5.204828025,1
787,46.32,6.39156262,1
788,15.55,4.828177169,0
789,19.48,1.604546763,1
790,46.74,7.656563497,0
791,11.58,8.383160091,0
792,36.24,1.372784888,1
793,35.58,4.381454773,1
794,25.33,6.015848834,1
795,28.73,6.446650805,0
796,44.2,6.20337647,1
797,16.6,7.236465885,1
798,19.26,9.701345822,0
799,30.49,4.51527869,1
800,26.39,6.009612103,0
801,32.97,7.291707665,0
802,46.83,6.331814399,0
803,46.68,4.48075927,0
804,19.2,6.616713592,1
805,22.09,6.851003774,0
806,16.48,6.264716278,1
807,47.11,2.845995947,0
808,25.91,5.553832223,1
809,27.99,8.959211288,1
810,42.11,8.817416902,0
811,30.52,7.757091325,1
812,14.79,7.27475963,1
813,27.51,2.37951224,1
814,35.22,5.135181981,1
815,38.77,1.998561788,1
816,35.81,8.355560047,1
817,14.77,3.619388858,0
818,22.17,7.901792778,1
819,39.34,8.331210024,0
820,45.21,9.032464877,0
821,11.89,7.784470706,0
822,11.69,6.082561005,1
823,35.74,6.383664233,1
824,31.92,3.885240491,0
825,16.21,2.592965723,0
826,31.93,2.175725843,1
827,48.98,2.63821169,0
828,35.24,9.405566987,0
829,27.97,2.479899288,1
830,43.1,7.513637004,1
831,18.51,2.66165689,0
832,26.57,9.777607932,1
833,31.11,4.299260819,1
834,30.18,4.709227861,1
835,46.84,4.640604209,0
836,21.71,8.348132657,0
837,12.26,2.964614723,0
838,46.66,8.479222623,1
839,18.68,6.91352969,1
840,25.16,2.98252151,0
841,31.24,1.588667913,1
842,49.04,7.974932873,1
843,31.41,2.970667412,1
844,27.91,9.001601468,1
845,33.35,2.168067496,1
846,48.83,6.547281083,0
847,42.72,7.229515543,1
848,16.76,6.919321731,1
849,42.13,3.84426833,0
850,43.64,8.879711709,1
851,37.63,7.928247851,0
852,36.29,5.591857075,0
853,27.64,6.429637251,0
854,35.67,6.097341043,1
855,39.5,9.520287196,1
856,14.91,9.067719131,0
857,20.29,3.119475566,1
858,17.76,3.364837999,1
859,43.65,9.832942649,1
860,37.2,3.129046318,0
861,28.03,9.58131392,0
862,43.04,6.847783346,1
863,38.67,1.450984951,1
864,46.54,4.021544795,1
865,13.07,5.285386647,1
866,30.37,8.497836023,1
867,38.27,3.957268719,0
868,18.3,3.795204809,1
869,23.09,9.282369331,0
870,26.76,1.711309109,0
871,41.77,5.963690932,0
872,29.74,5.538153429,1
873,29.71,1.516012842,1
874,27.24,1.789832985,0
875,19.14,4.437706897,0
876,46.92,2.207450974,0
877,22.71,5.30264714,1
878,32.7,6.479999969,1
879,15.95,7.222570161,1
880,27.37,5.918230593,1
881,46.15,4.416940143,0
882,49.82,2.167827639,0
883,24.47,3.227368733,1
884,16.16,4.774795093,0
885,22.58,9.317030351,0
886,23.09,2.823405231,0
887,35.78,4.720098078,1
888,29.85,7.590779716,1
889,40.74,7.346830168,0
890,38.05,9.69033335,1
891,20.05,2.71811167,0
892,41.37,1.148676504,1
893,43.9,3.900909349,1
894,33.94,2.347233512,0
895,47.11,5.936221471,1
896,41.32,9.089011497,1
897,33.82,7.194041497,0
898,46.25,2.222189707,0
899,34.01,2.04481022,1
900,30.85,9.203048319,0
901,24.25,5.388485949,1
902,45.31,9.313056928,1
903,14.91,7.62595944,0
904,28.94,9.940136146,0
905,31.5,8.841049684,1
906,32.19,4.72790973,0
907,36.08,7.824050448,1
908,30.23,5.241053506,1
909,20.27,3.097650638,1
910,44.28,3.169263329,1
911,36.3,4.5758993,1
912,44.33,2.003196034,1
913,21.04,2.599896564,1
914,35.48,5.505478153,1
915,38.57,9.585302296,1
916,25.34,6.199177078,1
917,42.49,4.676470743,0
918,10.1,3.184302879,1
919,33.8,2.763111742,0
920,34.54,6.925663264,0
921,31.35,8.634927857,0
922,35.2,4.589703338,1
923,16.69,5.955931417,0
924,37.39,7.360540851,1
925,23.43,1.524660176,1
926,28.08,4.158073427,0
927,23.32,7.567776008,1
928,28.96,7.161571239,1
929,34.86,1.48012952,1
930,43.53,3.140366485,0
931,29.34,7.11961493,0
932,22.93,3.442744381,1
933,29.52,8.329692645,0
934,37.55,1.265543733,0
935,23.87,2.713123264,0
936,26.57,3.53181682,1
937,32.51,9.327608513,0
938,21.76,8.166870607,1
939,18.36,8.957305779,1
940,15.62,4.964312325,1
941,24.1,8.403058821,0
942,11.93,8.681442147,1
943,33.34,4.599611415,0
944,17.04,9.95015663,0
945,25.1,8.661147663,0
946,20.77,9.766872719,0
947,35.22,8.798473978,1
948,44.01,7.985832762,1
949,35.33,9.494594861,1
950,31.7,4.778373201,0
951,36.76,8.050000901,1
952,11.2,2.916020853,0
953,14.91,7.595144692,1
954,13.8,8.068179547,0
955,13.93,7.448719689,1
956,20.42,8.648317588,1
957,31.28,4.720019022,0
958,14.59,5.902913189,1
959,47.4,1.096006696,1
960,44.17,2.314478467,1
961,48.87,6.797745331,1
962,11.7,6.060854797,1
963,44.06,2.775992622,1
964,42.15,3.191183147,1
965,46.08,4.096739817,1
966,31.12,7.447732416,1
967,41.52,6.487449424,1
968,12.05,1.626141378,0
969,13.04,7.839452341,0
970,14.74,3.363936067,1
971,46.59,7.045837106,1
972,12.45,2.110265602,0
973,14.01,9.98129149,1
974,47.22,1.723016536,0
975,14.3,7.675606256,1
976,44.79,5.871973233,1
977,41.57,1.773452722,1
978,11.61,1.241294118,1
979,10.87,4.263991458,1
980,31.38,8.220015388,0
981,49.89,1.370361163,1
982,45.15,7.33958797,0
983,22.4,6.898386486,1
984,25.45,3.389839091,1
985,25.52,1.697428322,1
986,39.37,9.237897645,1
987,23.65,3.703148225,1
988,15.91,2.002449086,1
989,39.88,7.133653705,0
990,28.32,2.950131059,0
991,13.07,5.2806768,1
992,41.6,1.453649898,1
993,33.41,9.93685554,1
994,29.57,5.028590141,1
995,36.93,9.991989832,1
996,30.21,4.471073892,1
997,35.94,4.130673003,1
998,44.7,9.231150954,1
999,34.54,3.965192685,1
1000,36.38,4.888049926,1
1001,34.55,1.70299393,1
1002,31.25,9.599161492,0
1003,16.88,1.766361168,1
1004,23.43,7.940664402,0
1005,37.72,5.847538544,0
1006,27.02,1.552646296,1
1007,26.25,1.015334452,1
1008,40.37,9.419982747,0
1009,10.22,7.679560638,0
1010,37.16,7.177926192,1
1011,29.57,4.947008775,1
1012,25.07,3.14752408,0
1013,23.62,7.118767673,1
1014,16.92,6.474709618,0
1015,23.37,7.537079754,1
1016,25.66,4.292132667,1
1017,27.5,9.882313845,1
1018,36.89,1.603077899,1
1019,28.14,1.717314553,0
1020,41.85,9.251882628,1
1021,35.59,6.829357914,0
1022,17.58,3.937006614,1
1023,21.09,7.857574819,1
1024,13.17,5.074960491,0
1025,47.83,1.190093579,1
1026,45.46,6.859933025,0
1027,13.39,3.188007434,1
1028,32.96,2.038016049,1
1029,48.42,3.027458642,1
1030,39.89,5.28542093,1
1031,29.67,1.448707882,0
1032,19.64,8.948371481,1
1033,21.16,6.039262149,1
1034,39.45,3.636965621,0
1035,41.22,7.183043633,0
1036,31.15,8.238128473,1
1037,14.84,6.525321652,1
1038,47.35,2.822452137,1
1039,43.79,1.992595781,1
1040,15.62,8.739097273,1
1041,12.27,3.112186722,0
1042,31.43,1.180741876,1
1043,21.37,6.786118973,0
1044,21.33,2.375967969,1
1045,13.49,9.918728378,0
1046,48.14,8.827577486,1
1047,43.21,6.476011534,1
1048,14.55,8.504790783,1
1049,45.06,5.234821307,0
1050,37.32,8.0963762,1
1051,23.02,6.818801972,0
1052,44.85,1.257801832,1
1053,33.92,9.538819008,1
1054,43.95,8.748276204,1
1055,28.77,9.580666515,0
1056,30.03,7.582293411,1
1057,21.64,4.708548295,1
1058,25.51,2.86286701,1
1059,32.71,2.619967128,1
1060,47.88,2.304246235,1
1061,34,2.985486784,1
1062,15.9,5.95572412,1
1063,10.28,7.15370557,1
1064,44.04,3.826509049,0
1065,24.57,5.938722726,1
1066,22.6,4.071273935,1
1067,42.03,7.268589763,1
1068,47.81,9.896375983,0
1069,39.92,7.201152715,0
1070,16.95,1.531275192,1
1071,25.66,5.295114621,1
1072,40.38,7.933487434,1
1073,46.28,5.880174456,0
1074,49.94,9.559567268,0
1075,30.46,1.492945113,1
1076,42.9,3.62039989,1
1077,11.87,2.986462969,0
1078,21.43,7.908599816,0
1079,24.86,5.714137616,1
1080,49.02,2.245097902,0
1081,10.14,3.570339371,1
1082,22.32,5.703933907,0
1083,47.22,9.965160831,1
1084,22.27,4.278631217,0
1085,19,2.411434876,1
1086,39.2,5.473598732,0
1087,39.81,3.791677395,0
1088,28.89,6.093701414,0
1089,47.88,5.200392725,1
1090,18.11,7.205409295,1
1091,46.54,9.22861638,0
1092,40.22,2.804629157,0
1093,24.73,8.390620633,1
1094,42.28,9.54339144,1
1095,15.33,4.362487134,1
1096,15.24,2.022964305,1
1097,47.2,8.397200537,0
1098,13.79,7.309862285,0
1099,10.16,2.914409844,0
1100,25.56,5.007012339,1
1101,14.15,6.201929858,1
1102,44.52,2.52868678,0
1103,46.91,7.43421544,0
1104,29.3,7.208944673,1
1105,27.02,8.984139513,0
1106,31.56,6.10545668,0
1107,19.05,6.168817276,1
1108,21.92,6.574486204,0
1109,14.04,3.464049352,0
1110,27.86,7.827452662,1
1111,34.47,6.962493351,1
1112,47.21,8.552310629,1
1113,39.56,7.917274045,0
1114,38.92,6.747150075,1
1115,22.32,2.448029358,1
1116,45.53,9.272325909,0
1117,47.88,4.304909632,1
1118,47.29,9.678687117,1
1119,11.55,4.616837218,1
1120,34.17,2.313444634,1
1121,35.73,8.963557727,1
1122,21.8,8.155528661,1
1123,49.7,8.076664505,1
1124,21.65,1.804696757,0
1125,18.66,8.913518497,1
1126,29.37,6.367605734,0
1127,22.93,5.233201626,0
1128,46.96,9.218544593,1
1129,27.6,6.994372172,1
1130,26.41,2.197277415,0
1131,35.03,5.675834585,1
1132,13.24,6.7295493,0
1133,40.27,9.08695628,1
1134,40.74,3.519046915,0
1135,28.96,8.148104971,1
1136,48.23,8.198316135,1
1137,33.17,2.152445363,1
1138,37.81,1.155098645,0
1139,46.97,6.232687263,1
1140,36.65,8.105309977,1
1141,27.27,5.989877419,1
1142,10.99,8.320127367,1
1143,39.13,6.600728264,1
1144,48.59,6.879631255,0
1145,28.81,1.253389832,0
1146,23.59,1.797383826,1
1147,30.77,7.525266559,1
1148,39.14,7.865589541,1
1149,10.03,5.879601803,1
1150,45.49,6.311486147,0
1151,45.45,6.529292559,0
1152,31.65,1.94492187,1
1153,14.9,7.011177438,1
1154,36.87,5.306229791,1
1155,15.51,6.42270679,0
1156,30.3,6.068276459,0
1157,13.75,7.867002236,0
1158,33.56,3.867114373,1
1159,22.72,4.361736206,1
1160,43.24,4.524456759,1
1161,42,7.862104893,1
1162,49.94,4.880013596,1
1163,20.3,2.593672945,1
1164,12.47,9.847368734,1
1165,27.72,5.440436776,1
1166,13.34,1.983232748,1
1167,17.14,7.032474604,1
1168,33.89,7.652461218,0
1169,33.69,5.50200555,1
1170,11.73,6.818114964,0
1171,27.72,2.55407378,0
1172,31.21,4.311301468,0
1173,20.72,2.45645743,1
1174,44.88,4.485117307,1
1175,16.44,6.0652047,0
1176,20.16,4.982854665,0
1177,16.28,6.338933567,1
1178,14.66,5.51583256,1
1179,45.16,3.860329361,1
1180,21.11,2.290743983,1
1181,38.9,3.274055753,1
1182,27.12,2.806419267,0
1183,35.43,7.366800643,1
1184,47.13,8.3797016,0
1185,43.78,7.483497448,0
1186,12.76,6.793607323,0
1187,43.81,3.770662184,1
1188,28.07,7.398870032,1
1189,24.01,6.44575114,1
1190,36.9,1.4220403,1
1191,48.01,9.168509066,1
1192,13.77,1.71958457,0
1193,40.72,5.524371137,0
1194,18.14,5.617622374,1
1195,25.21,8.533064699,0
1196,44.95,9.217607509,1
1197,31.83,9.457082124,0
1198,12.7,6.127049201,1
1199,30.32,7.111380072,1
1200,41.59,1.796678762,0
1201,31.16,5.391244098,1
1202,16.68,9.080710338,0
1203,27.8,5.101274359,1
1204,46.97,1.626345419,0
1205,36.33,2.805770282,0
1206,39.2,4.865562302,0
1207,41.44,3.137754744,1
1208,13.63,4.530633268,1
1209,33.26,3.996656878,0
1210,25.04,3.870361475,1
1211,15.57,1.820481488,0
1212,18.11,8.94443222,0
1213,41.25,7.234356281,1
1214,16.46,6.610437176,0
1215,22.5,6.458224673,1
1216,21.39,4.568520022,1
1217,11.95,8.40983778,0
1218,28.49,9.370359945,1
1219,40.64,1.050555241,1
1220,10.89,1.712786292,1
1221,14.5,7.074780556,0
1222,38.81,3.124600505,1
1223,33.74,9.205344989,1
1224,38.61,7.006717586,0
1225,19.2,4.314621296,0
1226,42.15,4.737541625,0
1227,29.19,7.217942547,0
1228,34.41,2.268676923,1
1229,13.69,8.950706922,0
1230,18.2,1.042945286,0
1231,40.93,9.81052258,0
1232,18.96,2.508809323,1
1233,13.7,7.679002228,1
1234,33.89,1.359322363,1
1235,31.92,4.882860091,0
1236,34.32,6.672823141,1
1237,34.73,1.632047118,0
1238,30.01,4.98964176,1
1239,29.75,3.728227628,0
1240,46.97,5.484192508,0
1241,31.36,5.541188824,0
1242,34.69,8.067084453,0
1243,20.68,2.111540756,0
1244,44.84,1.744476409,1
1245,10.97,4.617012099,1
1246,32.29,8.987679274,0
1247,25.35,8.697425677,1
1248,34.16,6.039936184,1
1249,24.41,8.998964371,0
1250,38.71,8.248092378,0
1251,10.81,3.501455141,0
1252,26.24,2.530956524,1
1253,43.25,3.710408509,1
1254,20.01,3.044060906,0
1255,12.11,6.604469134,0
1256,29.86,6.264092015,1
1257,49.06,6.385936451,1
1258,12.57,2.703731828,1
1259,12.8,8.126764527,0
1260,33.8,4.902634752,1
1261,20,5.252067283,1
1262,26.41,9.972656616,0
1263,43.22,3.540446074,1
1264,17.95,4.547242037,0
1265,38.77,7.088168871,0
1266,30.18,8.923717182,1
1267,46.2,2.14102906,0
1268,48.92,7.615412258,1
1269,29.4,9.264524734,0
1270,33.39,4.806321521,1
1271,39.83,3.580542306,0
1272,22.75,7.099634321,1
1273,19.07,3.214662861,0
1274,48.59,4.458607719,0
1275,27.3,9.072220367,1
1276,10.06,6.312992973,1
1277,43.51,1.854795399,1
1278,33.99,3.967277783,1
1279,16.74,6.645386486,1
1280,11.21,5.333478734,0
1281,21.66,6.943053851,1
1282,47.12,7.852972759,1
1283,47.34,5.325536082,1
1284,22.44,9.882565177,1
1285,43.44,9.232064881,1
1286,27.67,1.539166655,1
1287,36.17,3.39788024,1
1288,23.38,3.704891611,0
1289,30.64,2.65861321,1
1290,21.75,3.808148527,0
1291,12.44,4.823385696,0
1292,15.58,1.463958811,1
1293,21.63,2.145702125,1
1294,49.05,1.866212909,0
1295,48.63,1.416852452,0
1296,43.11,5.333473183,1
1297,19.3,4.004227749,1
1298,27.66,9.419025067,0
1299,27.59,1.924844819,0
1300,25.48,9.334318022,1
1301,11.8,1.778910557,1
1302,31.38,6.572956119,0
1303,12.91,3.229573036,0
1304,42.08,8.441250818,0
1305,37.65,1.553273443,1
1306,24.11,9.572573402,1
1307,35.89,1.425314803,0
1308,19.32,3.170019415,1
1309,20.61,5.177662535,0
1310,22.57,7.804520979,0
1311,41.88,9.560014458,1
1312,18.43,4.852381882,1
1313,32.51,7.815790844,1
1314,18.02,7.54446299,1
1315,21.4,6.140520058,0
1316,19.42,7.218272585,1
1317,35.8,1.342600148,1
1318,31.07,4.974196608,0
1319,38.85,8.072746247,1
1320,18.8,5.267990305,1
1321,10.37,8.861541258,1
1322,37.22,8.502740889,1
1323,14.59,8.771014272,1
1324,19.85,2.169970171,0
1325,22.23,3.197270121,1
1326,39.87,1.266375459,1
1327,35.04,9.845206542,0
1328,17.37,3.125243255,1
1329,33.92,4.30384001,1
1330,38.33,3.474338025,0
1331,25.56,1.358142606,1
1332,19.84,3.351322086,1
1333,37.16,1.883760996,1
1334,34.44,4.548547777,1
1335,13.12,9.701417065,0
1336,36.67,7.284361349,1
1337,29.54,7.362107108,0
1338,40.13,5.0785834,1
1339,17.63,8.301736096,1
1340,20.33,9.174557502,0
1341,31.73,9.653950055,0
1342,29.27,1.890912005,0
1343,25.45,8.916796078,0
1344,39.84,3.025745952,0
1345,32.59,4.575402118,1
1346,38.41,4.109294752,1
1347,16.13,7.076170361,1
1348,39.16,6.381320862,1
1349,28.46,1.981943873,1
1350,11.35,8.045403666,0
1351,19.38,4.956808616,1
1352,11.03,1.01999659,1
1353,28.27,4.730529402,0
1354,23.04,5.646984182,1
1355,49.5,1.619872167,1
1356,44.74,2.360217335,1
1357,43.03,9.942149543,1
1358,30.04,8.840758618,1
1359,42.28,2.199946774,0
1360,20.67,6.222784597,0
1361,32.43,4.413189675,1
1362,25.72,5.893663678,0
1363,16.85,5.234816742,0
1364,12.9,1.433340325,1
1365,32.33,3.838782799,1
1366,13.91,2.129685238,0
1367,38.72,5.400712831,0
1368,46.86,9.16585048,1
1369,16.48,9.959794953,1
1370,28.84,9.498277616,0
1371,39.55,9.871274125,1
1372,21.47,1.137216842,1
1373,46.83,7.565022806,1
1374,45.54,3.456539292,0
1375,14.15,8.790561804,1
1376,11.1,8.323601416,1
1377,49.06,4.813071183,1
1378,48.26,5.259346076,0
1379,26.89,3.385825021,1
1380,12.02,3.599236326,1
1381,34.76,9.83056981,1
1382,21.74,8.999675998,0
1383,47.47,2.726820749,1
1384,41.79,3.479722101,1
1385,35.98,1.977831938,1
1386,21.38,9.899837047,0
1387,38.05,9.164888655,0
1388,21.57,5.968881883,0
1389,11.51,7.236037936,0
1390,30.34,7.731522456,1
1391,29.55,2.834301047,0
1392,40.52,9.411997036,0
1393,44.63,5.740684423,0
1394,24.18,1.832063838,1
1395,27.98,4.573743471,1
1396,28.82,6.414819006,1
1397,22.97,4.175408723,1
1398,39.74,7.29283985,0
1399,30.88,8.938449824,1
1400,46.56,7.947029119,0
1401,36.01,6.783922181,0
1402,18.48,5.609417333,1
1403,16.59,3.290171372,1
1404,24.9,5.094515485,0
1405,23.88,3.636576164,0
1406,26.29,9.40621043,1
1407,17.34,9.165800413,1
1408,49.13,2.40243745,1
1409,15.83,8.403581991,1
1410,36.11,7.326232271,1
1411,10.52,9.776905485,0
1412,26.28,5.169759117,0
1413,22.37,7.499569343,0
1414,25.28,5.660955281,1
1415,29.92,1.62460447,0
1416,34.02,1.420882748,1
1417,33.34,2.099002986,1
1418,35.23,3.665719575,0
1419,43.78,3.332017952,0
1420,45.47,7.554940018,1
1421,39.49,7.443304614,0
1422,13.16,9.742551219,1
1423,48.45,3.793517429,1
1424,47.9,9.446068754,0
1425,38.47,6.515655431,1
1426,30.7,5.457778399,0
1427,20.02,7.0105724,1
1428,40.25,7.324799064,0
1429,45.11,2.54736126,1
1430,36.61,7.765439532,1
1431,35.16,7.52655488,1
1432,17.72,9.977790556,1
1433,24.31,9.207530026,0
1434,38.93,7.161942085,1
1435,10.68,7.411273418,1
1436,35.65,9.513870705,1
1437,40.67,9.704604457,1
1438,23.39,8.442686775,0
1439,13.05,7.90654191,1
1440,42.76,2.00229241,1
1441,15.67,8.472899723,1
1442,24.83,3.278761106,1
1443,38.29,6.074058664,0
1444,42.68,4.648352234,1
1445,44.5,4.110465706,0
1446,31.22,3.792250013,1
1447,29.03,8.698843726,1
1448,43.93,7.922225086,0
1449,32.52,5.711038772,1
1450,33.15,6.980324445,0
1451,27.36,9.860751553,1
1452,24.91,4.577816222,1
1453,29.22,5.959905454,1
1454,24.59,5.801713413,1
1455,23.74,9.423751376,1
1456,49.75,4.164061758,0
1457,23.45,9.876292752,1
1458,20.26,3.742278522,0
1459,24.16,1.980163318,1
1460,33.63,2.722361907,1
1461,46.44,4.835992077,1
1462,41.51,6.847803548,0
1463,43.69,5.65142698,0
1464,44.36,4.386503589,0
1465,46.82,6.058299391,0
1466,19.4,8.549256487,0
1467,28.33,8.550379249,1
1468,25.41,7.536050994,0
1469,25.28,9.572036124,1
1470,36.09,6.311842007,1
1471,26.07,1.068918739,1
1472,34.65,3.618366695,0
1473,25.29,3.95400434,1
1474,22.45,5.925934696,0
1475,24.12,9.144005242,0
1476,42.15,8.543034672,1
1477,34.04,3.089556868,1
1478,48.96,5.674512123,0
1479,43.31,6.932337719,0
1480,29.43,9.887603866,0
1481,19.7,1.281725374,1
1482,36.96,5.174895851,1
1483,39.07,9.892977886,0
1484,28.57,9.794852173,0
1485,19.2,3.976538658,1
1486,32.29,1.000150626,0
1487,20.15,6.280611265,1
1488,47.6,8.802449657,0
1489,35.16,3.918675018,1
1490,21.68,9.408429684,1
1491,18.63,3.994321934,1
1492,38.67,6.49181188,0
1493,38.31,7.498414659,0
1494,33.89,4.10874188,0
1495,34.57,4.169857708,1
1496,34.15,5.229953467,1
1497,24.4,8.517010853,1
1498,47.5,1.907656908,0
1499,29.17,6.683314469,1
1500,10.81,7.096131364,0
1501,23.93,6.02085484,1
1502,15.21,9.422545486,1
1503,24.54,6.417916452,0
1504,34.33,6.71119076,0
1505,10.91,6.397840251,0
1506,44.81,7.498168974,1
1507,34.41,2.218684741,1
1508,21.81,9.048486912,1
1509,22.45,1.382430906,1
1510,28.63,6.76669564,1
1511,19.92,6.53932839,1
1512,10.17,2.873090147,1
1513,11.06,1.366398763,0
1514,24.31,2.249518573,0
1515,14.97,3.445048495,1
1516,10.89,8.938951215,1
1517,44.37,8.701609638,1
1518,20.97,1.574700168,0
1519,30.12,3.603412072,0
1520,17.18,9.003846189,0
1521,11.87,3.129931256,0
1522,39.79,9.963687734,1
1523,15,3.311561762,1
1524,11.03,7.65201931,1
1525,33.49,4.753532562,1
1526,10.54,2.226200968,1
1527,27.45,3.29639152,0
1528,21.55,7.076062681,1
1529,22.78,4.033507618,1
1530,10.16,6.437153985,0
1531,48.57,2.849779385,1
1532,30.68,5.03722875,1
1533,32.9,5.610212023,0
1534,36.64,4.71506107,0
1535,41.9,2.781262282,0
1536,34.32,5.153981721,0
1537,40.49,7.236105045,0
1538,27.95,9.684150965,1
1539,24.85,8.105694584,1
1540,42.93,2.453234334,1
1541,44.61,3.454316648,1
1542,15.51,1.709415059,1
1543,31.71,2.220845718,1
1544,37.35,3.256146684,1
1545,13.34,2.795746297,1
1546,47.18,2.922843257,0
1547,30.8,3.076932038,0
1548,35.82,3.706108262,1
1549,17.13,2.130274618,1
1550,20.58,3.500514854,1
1551,14.84,7.195706446,1
1552,20.56,3.127608998,1
1553,29.7,2.546545849,0
1554,43.35,1.60926096,1
1555,31.35,5.499743376,1
1556,19.78,8.577844551,0
1557,11.78,1.531149798,0
1558,34.88,5.880934245,0
1559,26.81,6.855570239,1
1560,49.37,6.332154911,0
1561,41.19,8.898608832,1
1562,42.33,8.797560222,0
1563,10.49,1.515768333,1
1564,41.11,4.248495723,1
1565,17.78,7.037468474,0
1566,33.43,9.572001899,0
1567,27.9,8.242163168,1
1568,32.86,2.589303795,1
1569,15.34,3.51287954,0
1570,28.28,7.872344773,1
1571,11.48,5.243273625,1
1572,11.64,5.925721978,0
1573,36.31,6.480818382,0
1574,48.07,1.92962366,1
1575,41.1,8.703658301,1
1576,28.77,8.768209954,0
1577,12.23,5.214154997,1
1578,11.8,6.641606967,1
1579,16.32,6.93913708,0
1580,49.03,2.707503263,1
1581,25.95,2.013263456,0
1582,43.74,1.186056518,1
1583,38.21,9.215936441,1
1584,34.22,4.111419601,1
1585,47.91,1.772478415,1
1586,19.22,5.192199806,0
1587,28.2,1.68062602,1
1588,44.59,1.767256775,1
1589,32.07,5.399968111,0
1590,19.86,5.579529937,1
1591,18.36,6.221287768,0
1592,40.12,6.90680332,1
1593,10.51,7.014406332,0
1594,46.57,4.896970188,1
1595,10.74,6.791797527,0
1596,35.24,3.742657806,0
1597,34.19,4.97177372,0
1598,33.14,4.539943437,1
1599,28.97,3.961990011,1
1600,44.1,3.14713743,1
1601,36.37,1.706131005,1
1602,41.27,5.5531943,1
1603,14.62,5.835593676,1
1604,12,4.025395397,1
1605,11.14,9.782594767,0
1606,15.89,6.012650893,1
1607,36.68,9.00109467,1
1608,29.76,6.130767786,0
1609,40.09,2.709242677,1
1610,17.67,9.771602856,1
1611,24.68,8.968015094,0
1612,45.54,5.241463106,0
1613,47.43,3.187521026,0
1614,46.87,3.004026546,0
1615,42.73,8.254183844,0
1616,37.53,1.622067503,0
1617,46.55,6.742543433,0
1618,38.57,6.761214312,1
1619,48.16,2.64209093,0
1620,10.99,7.344211316,1
1621,46.87,7.348656603,0
1622,32.23,4.150277807,0
1623,14.47,5.350383214,1
1624,18.6,8.49487196,1
1625,44.09,5.708379461,1
1626,30.24,6.563413909,1
1627,49.31,4.714926854,1
1628,14.7,2.346391802,0
1629,26.5,9.982599685,0
1630,23.27,5.783828683,1
1631,30.65,4.028018153,1
1632,35.34,7.424085934,0
1633,36.47,6.5873959,1
1634,10.05,3.096174523,0
1635,13.56,8.892329495,0
1636,11.4,1.638126432,1
1637,44.58,6.451284267,0
1638,22.53,5.300996423,1
1639,24.68,3.863785724,1
1640,28.01,8.437421154,0
1641,43.97,6.906493669,1
1642,10.57,7.835495472,1
1643,14.74,4.731928684,0
1644,37.41,9.481584982,1
1645,48.56,4.102510804,1
1646,35.71,5.77940432,0
1647,20.44,9.402851006,1
1648,30.79,1.748700621,0
1649,49,1.979293935,0
1650,31.12,9.947689897,1
1651,24.94,9.742520413,0
1652,25.34,7.945314453,1
1653,48.68,5.357694485,1
1654,38.76,5.554547638,0
1655,37.49,3.314915862,1
1656,19.28,4.894579325,1
1657,32.38,4.882144401,1
1658,24.27,1.32481017,0
1659,19.61,5.078423872,0
1660,45.82,5.318149677,1
1661,25.33,6.992048568,1
1662,21.31,5.64807622,0
1663,47.27,8.755146391,1
1664,17.89,4.308056427,1
1665,39.82,4.687458321,0
1666,36.11,6.143342623,1
1667,46.82,2.824504521,0
1668,43.28,4.54148277,0
1669,38.21,7.175507246,0
1670,22.58,4.706278653,0
1671,29.82,9.15954859,0
1672,47.78,6.537704688,1
1673,10.93,2.383909749,1
1674,41.77,5.386999069,0
1675,20.07,7.88300871,1
1676,17.4,6.790106488,1
1677,19.29,8.967372163,0
1678,12.39,7.749846069,0
1679,49.68,1.554523953,0
1680,44.79,2.012613843,0
1681,30.84,6.847738289,1
1682,38.6,3.145671627,1
1683,32.26,6.290514124,1
1684,42.46,8.129958329,1
1685,43.79,6.19238429,0
1686,19.31,4.73939713,1
1687,28.39,6.8164328,0
1688,35.39,2.292574998,0
1689,49.14,7.50887196,1
1690,37.31,7.273226023,0
1691,45.91,5.629630285,0
1692,43.84,3.509321455,1
1693,33.28,8.17807408,1
1694,45.75,5.594952729,0
1695,25.1,1.532592153,0
1696,25.17,9.267512967,1
1697,41.24,7.909447928,1
1698,15.38,6.263246329,0
1699,22.23,4.931429656,1
1700,34.34,9.639097282,1
1701,26.8,7.975185168,1
1702,47.63,5.814937606,1
1703,48.34,6.878385057,1
1704,30.1,3.526753616,0
1705,31.56,2.761443485,0
1706,38.99,3.459875926,1
1707,28.29,3.638224894,1
1708,17.6,7.657646056,1
1709,39.88,2.260549366,1
1710,39.51,7.998284815,1
1711,19.8,5.71055782,0
1712,43.32,4.461157939,1
1713,34.55,3.703564986,1
1714,19.45,5.618805441,1
1715,36.08,3.857666164,1
1716,19.34,4.865067932,1
1717,20.61,7.651137607,0
1718,43.92,6.633986557,1
1719,47.18,7.731841388,1
1720,20.28,7.416763207,1
1721,47.12,8.33565244,1
1722,19.55,2.815209637,0
1723,14.69,9.956106995,1
1724,12.33,5.281934049,1
1725,19.68,7.464096443,0
1726,25.41,7.099751467,1
1727,47.1,6.095350762,1
1728,19.69,9.962345967,0
1729,24.62,2.955842647,0
1730,39.37,4.795559806,1
1731,22.08,2.149575033,0
1732,37.37,2.636519248,1
1733,27.28,7.416676572,1
1734,17.86,1.043584109,0
1735,39.36,9.008385862,0
1736,11.08,6.698660349,1
1737,21.69,4.968145483,1
1738,24.25,3.982249965,0
1739,28.33,2.136466437,1
1740,37.19,9.294063278,1
1741,28.38,7.410900925,0
1742,33.77,4.02753699,0
1743,33.83,1.638425615,1
1744,24.93,3.931145484,0
1745,47.36,2.661708653,1
1746,48.23,8.076459819,0
1747,33.27,7.476388163,0
1748,12.87,5.483445646,0
1749,29.65,8.972569928,0
1750,17.38,2.626126193,0
1751,29.33,5.067690269,0
1752,17.54,7.395582736,0
1753,38.15,1.610221147,0
1754,13.22,4.354096248,1
1755,48.13,6.14498322,1
1756,17.82,4.301231849,1
1757,36.43,5.321790903,1
1758,46.68,6.473065144,1
1759,19.92,4.315515528,0
1760,47.37,1.954129203,0
1761,25.55,2.255000476,0
1762,48.42,5.743035726,1
1763,48.85,2.572660231,1
1764,17.52,9.008503049,1
1765,43.24,8.507671166,0
1766,17.74,4.141288621,1
1767,19.06,8.478884548,0
1768,13.37,5.798690473,1
1769,16.26,2.431458357,1
1770,35.29,6.527906691,0
1771,27.97,7.115060055,0
1772,41.64,1.755024206,1
1773,23.28,3.830077814,1
1774,48.74,1.048455889,0
1775,11.99,3.84785923,1
1776,12.52,4.019007996,1
1777,38.05,6.671877641,0
1778,45.5,2.791389517,0
1779,41.82,1.270818881,1
1780,29.59,3.840710801,1
1781,20.79,8.430575916,0
1782,10.54,4.59230685,0
1783,30.38,4.735843929,0
1784,29.03,5.221248066,1
1785,23.77,7.766099477,0
1786,33.12,5.320224031,1
1787,39.15,1.821544773,1
1788,38.04,2.857598196,1
1789,20.53,2.691076303,1
1790,33.41,5.570769866,1
1791,15.95,1.269365186,1
1792,14.86,3.552549477,1
1793,41.43,6.464754469,1
1794,37.75,4.19185608,0
1795,40.72,7.369409426,0
1796,16.1,4.520992032,1
1797,46.58,9.813317755,1
1798,15.32,9.688206584,1
1799,44.8,8.19856643,1
1800,24.1,9.589514752,1
1801,14.22,2.843004175,1
1802,21.47,7.758308492,0
1803,17.26,3.8949277,1
1804,29.63,7.52764887,1
1805,47.99,4.365041155,1
1806,23.11,3.604785938,1
1807,34.48,9.629155857,1
1808,45.67,2.888968976,1
1809,35.2,7.827117351,0
1810,24.49,7.072049469,0
1811,49.63,3.731298776,1
1812,17.5,5.125087157,0
1813,30.93,2.286487863,1
1814,41.87,9.290877439,0
1815,10.03,9.713078214,0
1816,38.08,7.592167286,0
1817,20.66,8.644783094,0
1818,16.79,1.743556877,0
1819,20.97,4.455717562,1
1820,48.67,3.977300034,0
1821,45.68,6.084564091,1
1822,18.55,2.650197652,1
1823,14.68,6.070431886,1
1824,24.57,6.88928829,1
1825,33.69,2.191177827,1
1826,44.69,2.18548638,0
1827,48.64,1.318810509,0
1828,40.05,7.848032047,1
1829,33.96,3.979076832,0
1830,15.69,3.028784102,1
1831,12.96,8.002849555,1
1832,33.84,2.289301211,1
1833,31.56,4.844650844,0
1834,43.84,7.70308008,1
1835,22.9,6.164490858,1
1836,11.59,5.986001291,1
1837,26.95,2.417170696,1
1838,48.77,2.628394551,0
1839,41.82,6.243029145,0
1840,11.35,1.21210175,0
1841,44.99,8.822061901,0
1842,28.87,4.154237206,0
1843,24.59,4.749545953,0
1844,23.87,3.325891013,1
1845,33.81,8.890039893,1
1846,31.22,6.782536655,0
1847,36.27,5.049176221,1
1848,32.95,6.267779161,1
1849,15.76,4.423326364,1
1850,20.29,5.190242305,1
1851,43.64,4.218689741,0
1852,36.53,4.696073148,0
1853,27.94,3.834788896,0
1854,17.3,1.698769698,0
1855,10.31,1.336116503,1
1856,22.48,2.566955838,1
1857,12.19,3.264739694,0
1858,29.29,9.014246745,1
1859,42.87,6.501237891,1
1860,21.42,9.624674527,0
1861,43.91,4.056821742,1
1862,38.18,4.615642034,0
1863,15.01,7.477779048,1
1864,35.78,6.201118699,0
1865,16.07,5.750920723,0
1866,36.19,6.180076374,1
1867,15.71,6.25721781,1
1868,25.7,7.891663818,0
1869,32.66,7.012738246,1
1870,12.01,9.615828238,1
1871,16.13,9.531667163,0
1872,22.82,4.797305647,1
1873,28.49,1.321503486,1
1874,44.34,1.09967304,0
1875,17.49,2.108740644,1
1876,23.9,1.67407659,1
1877,29.03,4.360294441,1
1878,21.83,1.47587139,1
1879,35.03,6.624226325,0
1880,20.26,2.711568034,0
1881,40.89,5.625687867,1
1882,30.21,1.927709044,1
1883,13.45,8.449561592,0
1884,35.08,8.019629454,0
1885,32.77,4.478384989,1
1886,23.54,9.195339993,0
1887,10.45,2.671305816,0
1888,18.03,8.325430347,1
1889,26.23,5.912698909,1
1890,18,3.966220615,1
1891,33.1,1.759248414,1
1892,38.49,2.541800138,0
1893,44.24,8.765763448,1
1894,35.88,6.461974677,0
1895,37.56,3.133860026,1
1896,34.34,5.462675897,1
1897,49.42,1.970530028,1
1898,20.44,1.889582425,1
1899,20.65,9.169881865,0
1900,15.05,5.120706603,1
1901,29.43,4.254104386,0
1902,13.85,9.54164644,0
1903,20.81,4.591006107,0
1904,29.31,4.026179152,1
1905,48.3,3.45687554,1
1906,48.55,6.085565387,0
1907,39.75,6.02569533,0
1908,25.57,1.145747584,1
1909,44.61,6.886560916,0
1910,45.02,8.094763927,1
1911,46.41,6.543680882,1
1912,35.6,8.828993245,1
1913,18.07,3.487747249,1
1914,13.64,2.727814625,1
1915,46.59,7.275502844,1
1916,12.22,2.69703192,0
1917,21.84,1.819943914,0
1918,29.48,1.869535617,0
1919,10.88,7.915541439,1
1920,46.28,1.258635715,1
1921,21.48,3.605110344,0
1922,11.14,2.162677689,1
1923,49.74,7.794191321,1
1924,22.46,5.53143777,1
1925,45.07,2.84943173,0
1926,28.14,7.753698088,1
1927,36.53,7.753298582,1
1928,19.64,5.707203824,0
1929,30.12,3.482648083,1
1930,20.31,6.276493893,0
1931,48.04,9.401770907,1
1932,12.44,1.464727489,1
1933,20.99,3.40254862,1
1934,45.72,3.564722759,0
1935,29.2,6.686304972,1
1936,34,6.86047957,0
1937,36.07,2.856838554,1
1938,12.84,2.944905379,1
1939,10.71,9.353914161,1
1940,47.51,7.806689359,1
1941,20.86,9.408427287,0
1942,25.21,8.466966893,1
1943,37.28,4.619061822,0
1944,19.45,2.097168732,0
1945,39.32,6.665953296,1
1946,28.33,4.16791956,1
1947,44.26,4.828707915,0
1948,21.14,4.832917668,1
1949,18.15,9.428676595,0
1950,43.27,1.619761773,0
1951,23.05,2.737933853,0
1952,26.47,6.471485839,1
1953,41.75,8.953822593,1
1954,35.42,9.261483867,1
1955,27.67,6.028236339,0
1956,20,1.31105097,1
1957,40.57,4.265929309,1
1958,17.22,9.26949963,1
1959,47.13,5.499496774,1
1960,16.01,7.539519513,1
1961,42.2,3.422740784,1
1962,26.97,1.225062733,1
1963,17.44,6.205241676,1
1964,26.1,8.51482904,1
1965,18.86,9.912418272,1
1966,15.44,8.619643971,0
1967,19.57,5.985949261,1
1968,44.7,6.478548299,1
1969,14.24,8.417476359,0
1970,48.9,1.178296271,0
1971,10.2,9.564799134,1
1972,36.33,5.780991213,1
1973,44.26,9.5684702,0
1974,47.36,7.880663499,0
1975,15.76,2.370859108,1
1976,37.93,2.487338332,0
1977,14.29,4.182813784,0
1978,24.1,3.375892197,1
1979,39.28,4.953688834,1
1980,23.84,6.435134838,0
1981,22.53,4.929215495,0
1982,14.64,1.507785262,1
1983,12.66,9.780684536,0
1984,14.61,4.826099208,0
1985,45.02,8.659675039,0
1986,10.45,1.66558863,0
1987,37.71,8.290583917,0
1988,40.74,2.560641739,1
1989,32.72,7.114644487,0
1990,39.23,6.956260266,0
1991,36.09,9.188260464,0
1992,28.22,3.886090123,1
1993,25.31,1.980637839,1
1994,47.65,8.781092346,1
1995,48.88,3.984197767,1
1996,36.05,3.092804102,0
1997,17.89,5.375877508,1
1998,27.92,2.31522121,0
1999,29.86,3.672670178,0
2000,40.32,4.467525707,0
2001,36.71,3.495297641,0
2002,30.59,5.052335507,1
2003,37.21,4.461856051,1
2004,10.96,7.97131928,1
2005,41.07,9.265678092,0
2006,18.47,1.908308951,1
2007,36.26,8.409722891,0
2008,14.56,9.385940869,1
2009,14.58,7.179518314,0
2010,11.43,9.967777086,0
2011,46.41,4.015386997,1
2012,34.18,8.472789474,1
2013,24.48,7.063322542,1
2014,41.51,3.910859085,0
2015,35.04,7.342088352,0
2016,34.8,5.586596552,0
2017,29.48,2.700765017,1
2018,10.32,2.564917142,1
2019,20.34,7.420589621,0
2020,14.36,7.407374161,0
2021,36.5,5.776963849,1
2022,19.94,5.512741005,0
2023,28.01,2.620346011,0
2024,24.14,4.863575107,1
2025,15.73,8.842577689,0
2026,48.33,8.692545755,1
2027,47.34,6.948270116,1
2028,13.38,9.976210102,0
2029,43.09,9.03860512,0
2030,29.53,2.307073812,0
2031,40.95,4.592227628,1
2032,16.05,2.187437363,1
2033,15.29,5.194806548,0
2034,45.63,7.987445423,1
2035,45.91,2.402098389,1
2036,28.64,8.923798292,1
2037,44.81,6.121517964,1
2038,36.7,7.740500093,1
2039,17.4,1.406402309,1
2040,23.16,1.84454338,1
2041,15.44,6.587750678,0
2042,40.96,8.543727216,1
2043,49.41,8.864785761,1
2044,31.86,7.195323927,1
2045,36.23,2.808448481,1
2046,39.84,2.755195432,1
2047,18.97,8.932264726,1
2048,23.44,2.01911847,0
2049,26.49,7.174637777,1
2050,33.78,5.801561551,1
2051,44.02,4.792780865,1
2052,20.17,4.963011095,1
2053,28.84,9.506866265,0
2054,40.06,8.752988799,0
2055,13.5,8.784854775,1
2056,30.52,4.659564773,0
2057,15.78,1.962830879,1
2058,31.57,9.980554898,0
2059,40.71,2.308087785,0
2060,19.48,5.640240973,1
2061,43.98,3.381572697,1
2062,23.39,5.596685755,0
2063,17.63,3.744398747,0
2064,28.61,9.071979766,1
2065,45.04,9.715074361,1
2066,12.76,4.690578544,1
2067,23.1,1.631706765,0
2068,36.13,6.970024894,1
2069,24.3,4.389630076,0
2070,12.83,9.873717904,0
2071,23.28,1.804373001,1
2072,42.84,2.072137966,0
2073,48.72,7.294808028,0
2074,11.59,7.827846421,0
2075,32.77,5.239867639,1
2076,14.21,3.495381422,1
2077,37.22,3.788290442,1
2078,10.32,4.041756698,1
2079,10.59,3.027537916,0
2080,41.08,8.655782933,1
2081,12.98,1.585694868,0
2082,22.21,4.665500417,1
2083,48.32,7.728428304,1
2084,49.41,1.03442927,0
2085,16.46,8.902292651,0
2086,32.44,7.356638911,1
2087,32.37,1.660365612,0
2088,28.1,9.054969301,0
2089,46.99,5.385744934,0
2090,40.16,6.870154005,1
2091,40.58,8.938300371,1
2092,20.78,8.930461102,1
2093,27.37,4.678697067,1
2094,29.5,3.139205365,1
2095,21.96,3.316793899,0
2096,13.79,7.893474277,0
2097,15.05,9.364873249,1
2098,17.23,1.65007606,1
2099,18.15,1.135177553,1
2100,19.69,8.406415553,1
2101,20.22,4.479423429,1
2102,28.23,3.488043205,1
2103,30.38,2.695364629,0
2104,22.36,4.118325488,0
2105,46.29,9.743212804,1
2106,32.13,9.793717971,0
2107,41.5,3.983621739,1
2108,46.97,9.673211065,0
2109,16.53,3.698771048,1
2110,27.11,8.690329857,1
2111,27.33,2.908037882,1
2112,24.18,8.438388295,0
2113,10.36,4.183573578,1
2114,42.64,2.761511679,0
2115,14.46,9.413019167,1
2116,49.82,2.927658992,1
2117,40.92,9.926517032,0
2118,33.2,1.977165031,1
2119,16.18,1.090187051,1
2120,30.62,8.837141915,1
2121,20.44,6.279439675,1
2122,20.09,4.794636719,1
2123,43.18,1.73767533,0
2124,25.23,6.174032779,1
2125,28.03,4.543530267,1
2126,43.72,5.352597217,0
2127,13.51,6.673526753,1
2128,33.78,6.759402451,1
2129,33.13,9.645393172,1
2130,27.01,6.895480721,0
2131,43.19,4.054637262,0
2132,47.72,3.96669545,0
2133,28.61,5.294448576,1
2134,28.25,3.333949299,1
2135,30.08,4.387950803,0
2136,38.92,8.579014947,0
2137,36.72,8.737854426,1
2138,18.91,6.650132304,0
2139,12.56,6.245568478,0
2140,47.97,4.843898486,1
2141,20.44,6.72309024,1
2142,35.54,8.254480112,1
2143,43.14,7.640623521,1
2144,22.01,1.319135641,0
2145,35.42,7.580169987,1
2146,14.32,7.479529005,0
2147,48.8,1.89091483,0
2148,12.33,2.352226281,0
2149,27.53,8.091176601,0
2150,31.47,6.030906204,0
2151,41.62,8.394660915,1
2152,14.85,2.662697214,1
2153,27.63,1.275532882,0
2154,21.99,2.457475792,1
2155,22.48,5.073130408,1
2156,41.15,5.7096348,0
2157,10.22,8.719310098,0
2158,39.96,7.445804769,0
2159,42.42,9.913515765,0
2160,46.05,1.708476322,1
2161,35.08,2.171989653,0
2162,23.34,1.759200344,0
2163,27.09,5.846122419,0
2164,48.79,3.401746937,1
2165,45.25,7.152696461,0
2166,28.54,2.194217996,1
2167,47.72,1.928722596,0
2168,42.92,5.14148923,1
2169,46.04,4.383085179,1
2170,37.32,8.462484244,1
2171,44.31,8.537986675,1
2172,45.67,2.056858011,1
2173,13.68,8.310905019,1
2174,48.61,6.077484841,1
2175,23.34,5.532024465,0
2176,27.6,1.852870386,1
2177,41.68,7.656676921,1
2178,36.6,1.536704042,0
2179,45.72,3.499225927,1
2180,26.02,1.858883813,1
2181,24.93,5.776908489,1
2182,11.27,6.807070528,1
2183,28.51,9.017696318,1
2184,38.96,7.604847289,0
2185,22.05,9.64993959,0
2186,28.51,7.848548496,1
2187,18.78,3.68265793,1
2188,40.91,5.928263295,1
2189,12.42,5.121456754,0
2190,38.22,6.093718513,0
2191,25.16,6.148804055,1
2192,11.66,7.318909769,0
2193,44.14,1.747394332,1
2194,29.51,7.72070616,0
2195,33.97,2.293692519,0
2196,39.28,1.235865744,0
2197,36.2,5.670149878,0
2198,39.23,6.233292646,1
2199,40.49,1.313659631,0
2200,33.57,5.638340033,0
2201,24.63,5.811131875,1
2202,19.73,1.472454111,1
2203,46.12,7.404267566,1
2204,48.8,2.892607316,0
2205,24.31,8.150132924,0
2206,14.49,3.797399168,1
2207,18.9,5.301032783,1
2208,36.83,9.026657915,0
2209,16.92,8.255615202,0
2210,41.2,8.036772207,1
2211,46.92,2.443907779,1
2212,48.55,1.43328148,1
2213,10.37,6.451830556,0
2214,48.33,4.696224782,0
2215,39.61,9.181695488,0
2216,13.36,4.146339372,0
2217,26.61,4.694935159,1
2218,38,5.734004887,0
2219,48.27,8.167605991,1
2220,16.57,3.414691487,1
2221,15.11,9.476385914,0
2222,28.89,5.859290014,1
2223,48.72,8.568795351,1
2224,48.86,5.730566351,1
2225,19.12,7.947938762,0
2226,22.77,1.462786772,0
2227,46.32,8.192912335,0
2228,39.39,5.715634868,0
2229,48.89,5.044740294,1
2230,45.73,2.004487,1
2231,18.6,7.67406285,0
2232,40.39,2.180472873,1
2233,11.94,2.730860315,1
2234,42.71,2.137809301,1
2235,34.06,1.059180469,0
2236,48.24,6.957224021,0
2237,48.4,3.437596403,1
2238,12.03,2.345234133,0
2239,16.42,3.879752343,1
2240,29.37,5.491762224,1
2241,45.18,5.530712688,1
2242,42.58,4.304764075,1
2243,48.57,5.454390439,0
2244,34.72,4.84607312,1
2245,20.26,8.403987223,0
2246,11,1.266525707,1
2247,18.92,8.8122712,0
2248,37.01,3.195237301,1
2249,47.05,7.496039935,0
2250,22.84,4.645356547,1
2251,45.03,3.648996681,1
2252,25.8,6.538126357,1
2253,22.33,7.91995977,0
2254,30.35,5.049428078,1
2255,27.69,5.198984588,0
2256,46.55,1.529708363,1
2257,28.73,9.315963826,1
2258,21.09,8.622070268,1
2259,43.7,4.581935088,0
2260,49.95,7.884555518,1
2261,35.93,3.819512581,1
2262,20.02,7.573796137,1
2263,19.55,5.650225449,1
2264,12.31,5.1469005,1
2265,13.09,1.508706975,1
2266,46.6,9.688797296,0
2267,13.86,8.536680729,0
2268,29.37,8.140492612,0
2269,37.92,3.744245779,1
2270,44.01,3.60631166,1
2271,16.85,6.158737869,1
2272,27.51,8.616008766,1
2273,20.06,9.411655656,0
2274,20.23,3.420361234,0
2275,22.15,6.466733203,0
2276,33.48,7.515125199,1
2277,10.66,3.037529307,0
2278,26.35,4.667217672,0
2279,17.47,2.687268463,1
2280,48.68,7.2901457,0
2281,33.31,8.774066229,0
2282,44.72,8.897809191,0
2283,17.83,7.030799834,1
2284,42.4,4.124371242,0
2285,26.59,6.949363392,1
2286,17.11,8.778400545,0
2287,40.45,6.632702505,1
2288,40.48,4.716027463,1
2289,49.84,9.278224756,1
2290,41.24,8.516949339,1
2291,15.81,8.941917162,1
2292,22.9,9.128728189,1
2293,28.07,4.544310769,1
2294,15.07,8.736751068,1
2295,41.52,6.133147041,1
2296,31.07,1.343430762,1
2297,47.78,6.722527209,1
2298,33.57,5.235570319,0
2299,30.92,3.476391933,1
2300,12.86,9.73344826,1
2301,15.97,1.495637725,1
2302,43.98,9.512896516,1
2303,49.63,2.433403546,0
2304,26.61,4.392893614,0
2305,42.4,4.755116579,1
2306,35.1,7.579184668,0
2307,48.36,2.940482879,0
2308,19.53,9.874916589,1
2309,31.79,7.741106675,0
2310,26.35,8.109573745,0
2311,31.67,1.957858954,0
2312,20.75,5.286808086,1
2313,29.91,9.510484154,0
2314,34.99,3.430594644,0
2315,13.25,2.308452895,1
2316,39.72,5.368550138,0
2317,38.26,9.373537627,1
2318,45.22,5.38111562,0
2319,27.03,4.643508726,1
2320,12.47,6.85245193,1
2321,28.46,9.43195599,1
2322,15.5,1.441517043,0
2323,35.9,2.380559909,0
2324,11.89,2.19478879,1
2325,24.96,1.767996841,0
2326,13.31,3.718954726,1
2327,10.13,3.063781298,0
2328,48.42,5.938221396,1
2329,49.85,3.945604796,1
2330,32.22,4.646870753,1
2331,19.56,9.476782214,0
2332,46.44,2.400900771,0
2333,46.92,4.496115941,1
2334,44.18,3.313736565,1
2335,31.77,5.942493841,0
2336,12.99,7.627026039,1
2337,13.54,8.352890861,0
2338,45.86,5.637670251,1
2339,45.03,8.694249324,0
2340,27.38,8.065679571,1
2341,23.13,2.413036553,1
2342,35.76,3.208858831,1
2343,42.28,7.045484755,1
2344,39.27,9.773146178,0
2345,34.62,4.385167305,1
2346,19.26,3.068270566,1
2347,20.5,8.822164909,1
2348,38.96,2.796507636,1
2349,42.1,7.276674466,1
2350,14.65,1.308241633,0
2351,17.49,1.170824636,1
2352,37.22,5.064100425,0
2353,25.56,6.908861148,1
2354,32.53,2.281910086,1
2355,34.59,7.874942077,0
2356,41.05,2.158628342,1
2357,42.23,5.803370271,0
2358,21.2,3.77469273,0
2359,31.65,7.770279491,1
2360,14.94,8.237050782,1
2361,43.68,1.594821156,0
2362,43.82,2.733441124,1
2363,21.98,9.033796986,1
2364,16.42,4.740515529,0
2365,12.8,5.290622788,1
2366,33,2.512214575,0
2367,13.66,9.954053169,1
2368,37.22,9.307429146,0
2369,37.13,1.018222039,0
2370,34.56,5.956612144,0
2371,45.06,8.850406452,0
2372,25.13,4.874802456,1
2373,46.09,4.931328327,0
2374,11.48,4.414124411,0
2375,14.51,1.259455016,1
2376,26.49,8.112550023,1
2377,33.76,5.111066831,0
2378,11.3,5.779590746,1
2379,32.7,3.301166051,0
2380,22.3,8.057066429,1
2381,45.49,8.14373692,0
2382,31.33,5.976287352,1
2383,33.52,9.141651332,1
2384,47.82,2.042958077,0
2385,40.57,8.079639982,1
2386,27.53,6.027257281,1
2387,29.08,3.079118503,1
2388,35.92,2.190734044,1
2389,18.01,3.709063363,1
2390,13.55,8.706843263,1
2391,22.45,8.088574147,1
2392,41.14,6.806191832,1
2393,20.29,1.81294307,0
2394,15.23,9.593475758,1
2395,18.76,3.748961191,1
2396,37.16,6.46299985,1
2397,34.56,8.227916837,1
2398,37.53,2.19570251,0
2399,22.88,6.86977068,1
2400,46.03,1.29066397,1
2401,28.07,1.916103804,1
2402,30.55,7.50829271,1
2403,47.95,2.3957394,1
2404,49.17,4.99156051,0
2405,36.46,3.234992957,1
2406,47.79,4.791065578,1
2407,31.66,1.694982163,0
2408,22.29,7.794104896,0
2409,22.6,1.711370597,1
2410,32.36,8.541230476,1
2411,34.2,6.963479778,1
2412,27.58,4.749270181,1
2413,45.35,8.798378891,0
2414,27.07,2.675181508,1
2415,20.94,3.381078047,0
2416,10.32,2.234112955,1
2417,48.82,4.43411824,0
2418,42.97,9.880598663,0
2419,34.62,2.4492464,1
2420,43.22,8.478788373,0
2421,42.41,6.866920645,1
2422,47.27,1.142327176,0
2423,25.44,9.504011736,0
2424,32.19,9.739821387,0
2425,13.95,9.324106317,1
2426,48.61,5.515656919,0
2427,49.41,2.983376642,0
2428,41.56,4.521382097,1
2429,28.16,6.527723918,0
2430,29.86,4.409527428,1
2431,27.41,7.373544858,1
2432,21.73,8.16017993,0
2433,31.11,2.884536088,1
2434,12.14,4.644477175,1
2435,49.68,9.619699384,1
2436,26.96,3.248261211,1
2437,47.09,4.118027397,1
2438,38.97,1.320944535,0
2439,21.6,3.99129437,1
2440,18.88,4.338382583,1
2441,49.83,1.898520037,1
2442,40.89,1.01298025,1
2443,19.99,6.178649359,1
2444,12.7,3.713739412,0
2445,37.88,1.160414535,1
2446,22.12,8.739498736,0
2447,18.85,6.259687094,1
2448,39.4,2.540515154,1
2449,37.17,8.787219606,0
2450,29.26,3.282273734,1
2451,47.71,3.047011584,1
2452,37.19,9.051706513,1
2453,45.74,2.615120915,0
2454,17.62,8.910872139,1
2455,21.87,8.226759711,1
2456,14.18,3.787997867,1
2457,22.18,1.30957373,1
2458,48.87,1.743157932,1
2459,48.51,1.98575441,1
2460,40.42,9.017189516,0
2461,30.84,4.636323802,0
2462,41.23,1.292767816,1
2463,32.14,6.008936159,1
2464,10.14,2.871930255,1
2465,30.06,3.116134383,0
2466,33.96,2.447575614,0
2467,20.63,7.858193162,1
2468,18.13,1.005516044,1
2469,20.95,4.950857475,0
2470,34.95,1.781840498,1
2471,15.84,5.971371409,0
2472,38.81,4.113931115,0
2473,26.91,1.255164227,0
2474,24.13,5.14876808,1
2475,42.29,6.135269481,1
2476,30.24,3.228886285,0
2477,25.14,7.889607074,1
2478,45.13,4.339438892,0
2479,24.73,7.744118627,1
2480,44.36,6.211141561,1
2481,30.17,8.823277612,0
2482,18.32,5.922323119,0
2483,34.51,2.67064474,1
2484,21.41,8.403320749,1
2485,15.89,8.047317252,0
2486,13.46,9.751202333,1
2487,19.67,1.842237272,1
2488,39.46,6.321080461,1
2489,43.52,5.425020855,1
2490,44.47,7.037849039,1
2491,20.81,9.821618633,1
2492,36.44,5.790448694,1
2493,19.21,7.171647715,1
2494,34.91,4.124920993,0
2495,45.49,3.690734389,1
2496,11.64,4.017669091,0
2497,49.41,1.347471042,0
2498,43.08,3.562665809,1
2499,40.47,2.556517544,1
2500,37.65,5.116851819,0
2501,40.81,5.147422875,1
2502,49.78,7.887068481,0
2503,40.81,5.520624831,0
2504,24.06,5.167734295,0
2505,34.56,3.084636805,1
2506,23.48,8.672320091,1
2507,48.8,1.819008151,1
2508,46.01,9.840663685,1
2509,32.7,5.284674963,1
2510,41.25,2.673882996,1
2511,46.39,4.188952502,0
2512,19.74,1.138331644,1
2513,33.18,2.498704113,1
2514,29.27,4.018058374,0
2515,40.86,5.989737509,0
2516,25.16,2.165327602,1
2517,38.36,7.083669666,0
2518,26.12,8.59848841,1
2519,14.44,6.151056494,0
2520,14.28,3.672113025,1
2521,14.76,2.092530929,0
2522,11.3,1.139815567,1
2523,31.32,7.586220997,1
2524,36.88,6.656314315,1
2525,15.07,5.286550654,0
2526,34.47,1.91795997,1
2527,33.91,2.863226631,1
2528,15.88,8.336550733,1
2529,26.16,5.318663212,0
2530,40.21,9.665495737,1
2531,10.67,9.999749326,1
2532,15.88,8.206364137,0
2533,49.83,3.323652489,0
2534,39.34,3.08003466,0
2535,28.57,3.282708884,0
2536,35.19,9.881065709,1
2537,43.85,4.018064303,1
2538,43.69,7.358020693,0
2539,22.99,9.631159388,1
2540,29.65,8.376365321,1
2541,35.52,6.378434282,0
2542,12.88,2.520689722,1
2543,47.83,2.574444202,0
2544,27.31,5.43180777,1
2545,24.83,9.567500463,0
2546,46.28,9.140443262,1
2547,14.73,2.495728499,0
2548,11.57,3.589477703,1
2549,37.4,6.29930184,1
2550,25.4,5.29687443,0
2551,40.58,2.074265284,1
2552,12.74,4.323764683,0
2553,25.35,9.592429309,1
2554,19.41,9.562980023,0
2555,39.58,6.034832929,1
2556,19.09,6.717351742,0
2557,28.32,2.997156528,0
2558,42.76,7.677574538,0
2559,46.62,1.472465684,0
2560,38.9,2.986139693,1
2561,27.17,1.052953189,0
2562,32.88,4.471311329,1
2563,37.59,8.652350788,1
2564,45,9.842558294,0
2565,45.54,7.009803778,1
2566,47.24,7.703800169,1
2567,42.43,3.364746204,1
2568,15.87,5.682994241,1
2569,39.91,7.629201089,0
2570,42.58,5.475482434,0
2571,45.11,1.796917529,1
2572,46.99,7.667777738,1
2573,30.37,2.976079527,1
2574,36.2,1.879279038,0
2575,10.38,5.302521539,1
2576,32.91,1.6714817,1
2577,28.93,6.664993003,0
2578,48.49,6.764259253,1
2579,46.07,3.310317758,1
2580,41.9,9.680809796,1
2581,12.28,8.420064281,1
2582,26.08,1.986282621,1
2583,37.84,7.736609146,0
2584,11.19,4.177672188,1
2585,19.43,7.752596695,0
2586,45.5,8.207153131,1
2587,15.19,2.362402505,1
2588,12.05,6.956577864,1
2589,33.22,8.764569644,0
2590,47.86,3.910362616,1
2591,43.38,1.722954738,0
2592,48.99,1.245407319,0
2593,40.14,1.990008644,1
2594,27.49,1.037853292,1
2595,47.86,3.942513482,1
2596,27.07,3.693957292,1
2597,24,1.993071409,0
2598,27.93,6.860060903,0
2599,42.56,9.927157221,1
2600,46.71,9.108337734,1
2601,24.31,3.275655397,1
2602,28.49,7.929834697,1
2603,45.93,9.43176937,0
2604,11.88,9.157278133,1
2605,41.35,8.960945692,1
2606,28.17,8.07805461,0
2607,25.06,3.636923285,1
2608,27.88,1.752067596,1
2609,26.75,5.390374176,1
2610,40.26,1.493120209,0
2611,47.12,9.986263161,1
2612,29.66,4.224787148,0
2613,43.31,9.625059266,0
2614,39.28,7.958088927,1
2615,23.23,4.701618583,0
2616,33.49,2.064802714,0
2617,36.67,3.134737813,1
2618,10.94,7.057401185,1
2619,25.84,8.46941683,1
2620,49.71,9.814964426,0
2621,35.49,2.189459656,1
2622,23.37,2.403526108,1
2623,20,1.38195529,1
2624,18.38,3.34328073,1
2625,26.07,8.389606949,0
2626,17.73,2.784311711,1
2627,15.41,5.930782749,1
2628,24.56,5.017664782,0
2629,34.28,3.932436181,1
2630,15.86,6.565117721,0
2631,11.77,5.520932104,1
2632,11.39,4.012868561,0
2633,20.7,7.199657966,0
2634,17.61,3.519713719,1
2635,31.57,6.788650058,1
2636,28.23,9.615212815,0
2637,22.99,7.560567813,1
2638,43.34,4.765596037,1
2639,30.2,7.728033891,1
2640,13.66,8.283176351,0
2641,21.83,3.932564203,1
2642,48.93,7.346189941,0
2643,49.08,4.909565765,1
2644,20.19,8.366702336,1
2645,16.69,3.658398357,1
2646,29.83,9.43983703,0
2647,29.26,6.173082435,1
2648,26.41,4.179729825,0
2649,31.17,4.774341418,1
2650,19.29,4.13018752,0
2651,14.6,2.316217023,1
2652,32.82,1.616431572,0
2653,47.3,3.896008256,0
2654,15.51,5.12821397,1
2655,38.19,4.256352455,1
2656,27.52,1.125275533,1
2657,21.76,6.211056214,0
2658,44.12,2.303348319,0
2659,28.26,2.899047507,1
2660,33.33,2.086736809,1
2661,27.72,5.68389457,0
2662,13.25,1.856433632,1
2663,33.8,3.307215243,1
2664,26.75,5.065378459,1
2665,13.47,2.509379967,0
2666,33.83,5.016172255,1
2667,10.39,4.084616131,0
2668,18.34,8.745374596,1
2669,41.24,8.154128914,0
2670,11.52,9.935691251,1
2671,35.87,5.760205597,1
2672,47.99,6.178573842,1
2673,16.85,9.519812633,1
2674,26.68,4.596329932,1
2675,33.02,6.001144161,1
2676,28.02,4.411769462,0
2677,34.82,5.912746353,0
2678,26.16,1.726897893,1
2679,15.94,8.05414684,1
2680,13.56,9.867519527,1
2681,39.78,1.591663622,0
2682,19.54,8.209357572,1
2683,43.9,3.175613204,0
2684,39.72,2.777923479,1
2685,11.98,7.240333584,0
2686,18.05,1.397190237,1
2687,21.68,5.169154125,1
2688,33.78,1.013000193,1
2689,42.39,5.989546258,0
2690,12.41,5.15873501,0
2691,19.98,9.23934346,1
2692,25.05,7.482447125,1
2693,17.34,2.134055547,0
2694,31.81,4.190859638,1
2695,29.12,9.384217927,1
2696,22.66,7.528007325,1
2697,30.68,6.348476035,0
2698,24.23,6.031644317,0
2699,23.73,4.582886198,1
2700,20.62,6.266813164,1
2701,31.62,7.944979734,1
2702,27.76,2.147839087,1
2703,17.85,9.728475757,0
2704,10.52,3.154283822,0
2705,16.04,5.029684133,0
2706,11.71,1.204440622,1
2707,27.26,5.953113307,1
2708,19,4.436801625,0
2709,26.82,3.24780285,0
2710,23.18,9.869718284,1
2711,31.52,4.853270284,1
2712,38.95,4.728667272,1
2713,29.17,5.16792938,0
2714,12.48,2.045384012,1
2715,10.7,4.537864988,0
2716,18.53,4.027638332,0
2717,27,5.186120129,0
2718,11.8,8.709590502,0
2719,23.11,2.735068551,1
2720,45.48,6.469653931,1
2721,13.6,1.338733808,0
2722,47.94,3.851132519,1
2723,44.27,5.253918572,0
2724,43.27,1.668512357,1
2725,44.55,5.895711412,0
2726,13.2,3.79293059,1
2727,16.05,9.935290122,0
2728,15.37,6.67872552,1
2729,14.45,3.197576764,1
2730,23.11,1.924059209,1
2731,43.21,1.366478014,0
2732,20.08,1.816959379,1
2733,19.77,7.120535743,1
2734,37.04,8.694930484,1
2735,13.88,2.410598032,1
2736,24.41,4.619210082,1
2737,21.82,4.188118089,1
2738,43.89,6.800662821,1
2739,30.58,2.644100936,0
2740,35.86,9.579873794,1
2741,15.16,7.557007437,1
2742,47.16,9.59564691,0
2743,22.9,3.496323205,0
2744,38.27,6.289440741,1
2745,48.19,7.590411434,1
2746,30.35,7.398606005,0
2747,30.3,1.192114895,1
2748,14.69,9.984602471,0
2749,25.61,9.352539755,1
2750,44.1,2.077768731,1
2751,15.4,5.892100969,0
2752,46.7,3.831008098,1
2753,36.69,8.910046143,0
2754,26.84,7.277676675,1
2755,31.86,3.011654411,1
2756,16.02,1.304750308,0
2757,18.7,3.625676224,1
2758,21.46,1.343235455,1
2759,25.39,2.271796417,1
2760,46.62,6.725242375,0
2761,24.7,7.705765613,1
2762,30.95,5.2121521,1
2763,16.48,6.402590836,0
2764,39.44,2.402965326,0
2765,32.41,3.851156535,0
2766,27.6,7.415954625,1
2767,47.89,4.284020045,1
2768,45.63,4.139301012,1
2769,36.38,2.745933733,0
2770,46.87,6.353423885,1
2771,32.59,8.285847454,0
2772,43.08,5.225005257,0
2773,26.38,2.039853308,1
2774,13.47,8.545306887,0
2775,49.77,1.642573941,1
2776,16.63,5.245546359,1
2777,20.06,3.349696025,1
2778,16.52,9.426863407,1
2779,23.5,7.637888782,1
2780,21.57,6.097680847,0
2781,34.04,7.009798966,1
2782,49.86,5.794545365,1
2783,12.1,2.328408507,1
2784,41.14,7.38188812,0
2785,15.12,5.43406557,0
2786,10.79,6.708783442,1
2787,35.54,1.406814976,0
2788,44.93,2.278313133,0
2789,17.05,6.304334283,0
2790,23.66,5.134860128,1
2791,16.75,3.041863021,1
2792,46.26,3.166848285,1
2793,20.81,6.684924813,0
2794,27.79,1.530703242,0
2795,45.79,4.908325098,1
2796,32.11,5.707931543,1
2797,47.31,3.773283425,0
2798,47.06,8.384948456,0
2799,28.46,1.510926243,0
2800,33.3,8.792045067,0
2801,19.21,7.509366936,1
2802,49.62,5.01628941,0
2803,21.13,9.320206512,0
2804,41.33,7.320144668,0
2805,22.52,9.379408147,0
2806,22.52,5.253308015,1
2807,14.15,5.076757909,0
2808,32.4,5.776683683,0
2809,19.79,1.588840336,1
2810,15.94,9.176448262,1
2811,19.07,7.009453465,1
2812,20.04,6.558271101,0
2813,30.16,9.338171828,1
2814,25.44,9.942734598,1
2815,13.02,2.470540516,0
2816,31.44,7.740972864,0
2817,41.51,6.21950657,1
2818,32.97,5.148974697,1
2819,48.98,9.798513415,1
2820,13.97,8.6523671,1
2821,42.85,7.270749857,1
2822,30.23,4.444085505,0
2823,30.86,6.994367237,1
2824,30.76,5.785247112,1
2825,23.01,3.244316048,1
2826,22.98,5.053431908,0
2827,35.27,2.909907713,0
2828,11.79,5.503782639,1
2829,33.55,7.482142684,0
2830,38.98,1.329816014,0
2831,24.25,7.888417384,0
2832,18.69,1.179945928,0
2833,18.54,5.655499327,1
2834,13.27,6.161290364,1
2835,13.59,7.851191137,0
2836,16.67,7.84925941,1
2837,10.77,4.757099013,1
2838,20.65,1.597352598,1
2839,22.26,7.241501375,1
2840,49.81,5.598874067,1
2841,49.67,3.99752611,0
2842,17.48,3.113864045,1
2843,18.52,2.077823918,1
2844,29.68,3.656282475,1
2845,15.95,5.126406626,0
2846,30.16,5.298482514,1
2847,25.98,6.244650383,1
2848,22.98,4.262217124,1
2849,42.9,9.279080823,1
2850,43.12,5.462826518,0
2851,49.52,4.813525361,0
2852,18.92,1.433511715,1
2853,45.53,6.391135739,0
2854,31.51,6.425820425,1
2855,33.66,6.24960667,1
2856,45.85,8.988372258,1
2857,47.71,7.866107493,1
2858,39.07,8.806650576,1
2859,23.91,1.534803012,0
2860,29.59,3.86313789,1
2861,34.6,3.868407493,1
2862,43.15,6.91340552,1
2863,36.32,5.037535438,1
2864,24.62,7.997253429,1
2865,26.72,4.4598751,1
2866,12.02,2.994468196,1
2867,46.97,3.618559615,1
2868,13.52,2.642227535,0
2869,33.2,2.781034226,0
2870,44.87,2.951550239,1
2871,26.83,1.144852404,1
2872,42.01,7.444792313,1
2873,42.15,4.59642108,0
2874,12.39,1.204041987,1
2875,26.49,4.3300679,1
2876,37.64,9.148313144,1
2877,26.89,5.601198853,1
2878,31.81,9.880768102,0
2879,33.78,5.859634887,1
2880,16.05,9.665190991,1
2881,26.48,2.816206559,1
2882,11.14,3.609413314,1
2883,15.99,7.299730992,0
2884,30.49,9.881394553,1
2885,32.94,8.427676699,0
2886,15.85,5.98334749,0
2887,40.22,1.766373529,1
2888,24.92,4.27941199,1
2889,46.83,1.777831305,1
2890,25.51,3.801532257,1
2891,15.99,3.329128906,1
2892,40.32,4.49699767,1
2893,32.71,8.53548931,1
2894,25.47,2.353390042,0
2895,24.24,3.75457554,1
2896,16.03,3.350055199,0
2897,23.63,3.665274824,0
2898,11.17,4.245611273,1
2899,30.1,3.198805749,1
2900,45.87,9.48323145,1
2901,41.81,4.780915425,0
2902,11.14,2.027019387,1
2903,45.25,5.20892749,1
2904,28.09,2.659887117,0
2905,17.64,2.945175783,1
2906,40.1,3.565372759,1
2907,22.91,2.122838704,0
2908,20.13,7.490070393,1
2909,16.45,8.127518273,0
2910,29.46,4.548564297,0
2911,13.74,7.200932855,0
2912,41.42,4.500588612,1
2913,28.83,2.476695913,1
2914,27.88,4.574512552,1
2915,10.07,6.012886559,1
2916,42.71,1.368948827,0
2917,29.71,6.890359516,1
2918,27.6,7.683471721,1
2919,40.46,8.739732319,0
2920,12.52,1.924935042,0
2921,24.67,1.000842345,0
2922,33.03,1.659397321,1
2923,28.42,9.317051234,1
2924,17.27,7.890001489,1
2925,21.97,8.518920821,0
2926,22.01,5.653124174,1
2927,49.68,5.740478871,1
2928,23.05,3.686550309,0
2929,18.21,8.584777468,1
2930,42.91,8.467926248,1
2931,26.85,4.529542111,1
2932,27.75,3.963403634,0
2933,31.96,7.645359441,0
2934,33.83,1.235513245,0
2935,33.62,8.739540087,1
2936,11.38,5.016231904,1
2937,42.75,4.972098219,1
2938,17.79,7.021700626,0
2939,21.69,6.811744243,1
2940,16.94,3.393766595,0
2941,40.68,9.489507441,0
2942,33.35,9.876969814,0
2943,40.21,5.733901129,0
2944,36.14,6.052427184,1
2945,14.17,5.988861671,0
2946,22.06,5.372086674,1
2947,30.29,9.506683483,1
2948,22.2,3.202772041,1
2949,18.29,1.971623586,0
2950,44.79,9.365925559,1
2951,39.91,2.917344828,0
2952,23.81,7.742398182,1
2953,40.6,2.834859783,1
2954,35.1,9.641674141,1
2955,10.15,8.120095933,1
2956,25.21,9.268463549,1
2957,21.62,9.558863381,0
2958,18.72,1.759819458,1
2959,20.06,4.900499702,0
2960,47.69,6.832903033,1
2961,29.45,8.222104937,0
2962,43.91,3.1732457,0
2963,18.57,9.231443735,1
2964,16.98,2.988786962,1
2965,45.55,8.795587614,1
2966,29.83,5.614413217,1
2967,45.81,5.638799547,1
2968,12.52,4.366050539,1
2969,46.66,1.931547083,1
2970,26.62,4.123810568,0
2971,16.21,4.840630435,1
2972,37.34,5.311189509,1
2973,41.88,7.651857614,1
2974,11.89,4.168630994,1
2975,49.49,4.659335743,0
2976,37.88,9.154887421,1
2977,22.86,7.773105652,1
2978,16.05,1.205701926,1
2979,25.7,8.30879882,1
2980,18.82,9.909495319,0
2981,29.77,9.457909672,0
2982,41.28,8.523603095,1
2983,36.41,6.662563726,0
2984,27.44,3.503729099,0
2985,14.76,6.889875502,1
2986,48.29,7.260332238,1
2987,20.81,3.534023449,0
2988,21.11,3.29796662,0
2989,35.82,4.572314732,1
2990,40.82,6.770322721,0
2991,49.37,3.637560424,0
2992,48.77,6.0009987,0
2993,46.55,9.093136617,1
2994,27.41,3.655902924,1
2995,16.67,9.693763625,0
2996,33.38,5.260131808,0
2997,10.69,1.908175039,1
2998,17.85,1.495354544,1
2999,10.1,4.048070629,1
3000,17.22,3.328830611,0
3001,28.99,8.593419945,0
3002,25.73,7.638745793,1
3003,24.77,8.960916582,1
3004,43.24,6.303281484,0
3005,37,4.919115228,1
3006,47.46,3.435111353,0
3007,27.81,6.24797951,1
3008,20.89,6.562223004,1
3009,14.91,4.536528074,1
3010,36.88,9.429358796,1
3011,43.67,6.759591295,1
3012,17.35,8.537330805,0
3013,45.15,6.583516726,0
3014,31.05,3.848831068,0
3015,15.76,7.629572421,0
3016,35.71,3.072290778,0
3017,30.8,6.369484285,1
3018,11.13,4.621297087,1
3019,25.97,2.348963819,0
3020,41.39,4.71916518,0
3021,32.22,3.792527465,0
3022,21.28,2.009998735,0
3023,47.15,8.414454058,0
3024,19.51,5.487243008,1
3025,20.11,4.11720645,1
3026,24.19,5.544678247,1
3027,45.78,7.791248058,1
3028,30.31,1.164658539,1
3029,37.29,5.920765845,0
3030,49.05,5.31235705,0
3031,41.33,9.037631724,1
3032,16.9,6.003744929,1
3033,41.53,2.235905583,1
3034,39.93,4.498148938,0
3035,19.3,6.589624348,1
3036,23.01,1.413404264,0
3037,38.41,8.961841877,1
3038,19.54,1.610041066,1
3039,18.33,1.275320151,0
3040,38.14,1.018140167,1
3041,45.22,7.153700425,1
3042,13,5.103280785,1
3043,27.84,1.925359248,0
3044,34.29,8.705876704,1
3045,37.05,2.824482467,0
3046,49.85,3.936917431,1
3047,37.31,2.599493265,1
3048,34.81,9.34080668,0
3049,49.59,7.822601049,0
3050,12.43,7.51558057,0
3051,12.98,1.395964271,0
3052,32.43,5.704315338,0
3053,24.35,6.179071931,0
3054,13.87,4.442687561,0
3055,22.26,3.895806253,1
3056,36.97,8.667485742,1
3057,45.22,1.207149322,1
3058,13.77,6.628193634,1
3059,31.61,4.548222226,0
3060,21.84,6.99355613,1
3061,36.69,2.781257912,1
3062,31.98,3.147934192,0
3063,47.07,6.28168426,1
3064,11.51,9.819446917,1
3065,28.8,9.772152247,1
3066,17.71,3.240828854,1
3067,31.47,1.921159273,1
3068,44.14,6.313089141,0
3069,46.45,4.779843473,1
3070,25.93,7.855180417,0
3071,42.47,5.751853528,1
3072,21.22,5.595281254,1
3073,10.25,6.818138814,1
3074,44.21,2.137766004,0
3075,14.78,7.094455567,0
3076,10.7,5.396677306,1
3077,24.15,8.381323591,1
3078,25.18,2.248361503,0
3079,13.09,3.706723442,0
3080,42.57,9.552217366,0
3081,26.22,5.977655914,1
3082,29.6,9.363708998,1
3083,20.59,7.201315928,0
3084,30.46,9.337882284,1
3085,40.67,3.860436559,1
3086,46.25,1.814803825,0
3087,48.82,8.220175884,1
3088,27.07,8.240218772,1
3089,49.6,6.569441152,0
3090,21.8,6.216131828,1
3091,10.28,9.234173536,1
3092,40.7,2.588486203,0
3093,17.14,6.548841742,0
3094,12.1,1.447935497,0
3095,46.96,2.267784431,1
3096,41.67,4.935451136,0
3097,14.11,8.390866324,1
3098,41.08,7.598194217,1
3099,43.76,9.766579519,1
3100,46.21,1.403637836,1
3101,31.75,4.432169969,0
3102,38.14,2.429117214,1
3103,40.49,1.332651556,1
3104,37.55,3.379578007,1
3105,35.87,3.200246598,1
3106,31.9,4.780249466,1
3107,29.17,2.260730871,0
3108,49.85,5.397108213,1
3109,23.5,9.280884946,0
3110,13.53,7.733700384,1
3111,40.6,8.579595965,1
3112,18.55,8.24255734,0
3113,31.31,4.506637028,1
3114,13.83,7.380649327,0
3115,34.77,7.788306155,0
3116,47.76,2.850832951,1
3117,38.91,8.7423613,1
3118,18.58,5.119726587,1
3119,48.85,1.147237656,1
3120,22.28,6.790456978,0
3121,27.46,7.090867827,1
3122,29.92,5.96586067,1
3123,49.63,2.911737708,0
3124,12.76,5.340502246,1
3125,37.87,4.601147052,1
3126,24.48,9.772174665,1
3127,13.13,8.422105913,0
3128,47.4,7.857096446,1
3129,33.59,2.629663327,1
3130,40.14,3.979360157,1
3131,19.62,4.41740652,0
3132,40.46,5.433647791,1
3133,43.14,1.272020609,0
3134,27.23,6.337083053,0
3135,32.88,4.220708896,1
3136,48.87,6.055094309,1
3137,43.87,1.080805458,1
3138,27.79,3.892898251,1
3139,36.58,7.917994504,1
3140,41.37,5.509733973,0
3141,10.97,8.099985955,1
3142,33.53,7.290643533,1
3143,49.38,8.694285176,1
3144,47.89,1.066992297,1
3145,43.3,3.351929427,1
3146,14.25,5.939215539,1
3147,49.76,9.46916269,0
3148,34.38,7.118111621,0
3149,18.92,5.109299077,0
3150,36.97,2.171271975,1
3151,44.26,5.438938193,1
3152,14.49,4.969782752,1
3153,46.66,8.005989472,0
3154,46.81,4.720137764,1
3155,10.54,3.869542673,1
3156,46.01,1.807477142,0
3157,47.87,1.418509575,1
3158,11.51,4.952209848,0
3159,21.77,4.121757816,0
3160,24.92,5.997917526,0
3161,23.96,7.407355934,0
3162,40.36,1.360061322,1
3163,24.32,5.465953987,0
3164,48.26,8.757747048,1
3165,49.8,5.096499275,0
3166,22.67,5.691179899,1
3167,30.35,5.381126566,1
3168,32.31,4.508136266,1
3169,33.18,1.991075715,0
3170,24.97,2.137205941,1
3171,16.64,2.611803176,1
3172,12.18,8.133081768,0
3173,14.25,3.477990705,1
3174,46.05,9.533114036,1
3175,21.22,8.291531499,1
3176,13.07,7.160866014,0
3177,34.94,7.483542665,0
3178,13.01,1.428689878,0
3179,12.8,6.115504303,0
3180,34.86,9.469512189,1
3181,33.66,1.351991651,1
3182,11.66,3.619148667,0
3183,28.42,1.463603429,0
3184,27.43,6.127674201,0
3185,31.87,2.045805645,1
3186,39.51,5.313251406,1
3187,21.31,7.479544931,0
3188,27.31,2.479946814,0
3189,41.71,7.798279934,1
3190,46.9,1.541840158,1
3191,45.65,2.346620322,1
3192,29.11,3.520993269,0
3193,30.83,8.164891607,0
3194,31.16,8.651232002,1
3195,44.75,2.983418329,1
3196,43.6,1.86205443,0
3197,22.46,8.631584041,0
3198,16.51,6.844306938,1
3199,25.16,2.420698928,0
3200,21.54,6.019451066,1
3201,48.03,8.851342896,0
3202,20.64,1.625634478,1
3203,17.25,1.753491103,0
3204,45.98,3.462469846,1
3205,13.46,6.87036093,0
3206,20.41,2.602076585,0
3207,27.56,8.347304839,1
3208,33.8,7.753871591,1
3209,23.11,6.049043683,0
3210,29.85,2.044609339,1
3211,17.95,9.893978455,0
3212,32.97,5.410302666,1
3213,26.31,5.068658331,0
3214,43.97,9.960121717,0
3215,26.63,8.774814371,1
3216,27.75,5.107309606,1
3217,33.69,4.769226873,1
3218,14.93,1.863184443,1
3219,16.27,9.338605718,1
3220,41.61,8.593973629,0
3221,20.94,3.790022436,0
3222,37.39,7.779891588,1
3223,13.9,7.864564836,0
3224,42.87,3.051196455,1
3225,49.53,6.522899229,1
3226,24.95,3.295259231,0
3227,30.22,8.108974467,1
3228,27.71,2.384287322,0
3229,45.77,7.020153988,0
3230,10.4,3.934105405,0
3231,36.14,1.325638518,0
3232,36.09,2.113341798,0
3233,25.3,6.894092244,1
3234,18.77,3.159228729,1
3235,19.59,6.679318353,1
3236,42.02,4.733399494,0
3237,12.64,7.234421175,0
3238,32.55,5.4365376,1
3239,22.27,3.776923874,0
3240,20.61,2.312372619,1
